"","year","month","president","mipall_count","midall_count","inflation","ch_inflation_lag_1mth","ch_inflation_lag_2mth","ch_inflation_lag_3mth","monthly_approval","election","pres_sec_term","unified","democrat","coldwar","party","fine_tune_temp0","fine_tune_lag_1mth","mipall_count_lag1","unemp","employment_lag_1mth","misery","misery_lag_1mth","post_9_11"
"1",1945,4,"Harry S. Truman",0,0,NA,NA,NA,NA,NA,0,0,1,1,0,"Democrat",2.71428571428571,NA,NA,NA,NA,NA,NA,0
"2",1945,5,"Harry S. Truman",0,0,NA,NA,NA,NA,NA,0,0,1,1,0,"Democrat",3,2.71428571428571,0,NA,NA,NA,NA,0
"3",1945,6,"Harry S. Truman",0,0,NA,NA,NA,NA,87,0,0,1,1,0,"Democrat",2.57142857142857,3,0,NA,NA,NA,NA,0
"4",1945,7,"Harry S. Truman",0,0,NA,NA,NA,NA,NA,0,0,1,1,0,"Democrat",2.66666666666667,2.57142857142857,0,NA,NA,NA,NA,0
"5",1945,8,"Harry S. Truman",0,0,NA,NA,NA,NA,NA,0,0,1,1,0,"Democrat",2.71428571428571,2.66666666666667,0,NA,NA,NA,NA,0
"6",1945,9,"Harry S. Truman",1,0,NA,NA,NA,NA,NA,0,0,1,1,0,"Democrat",2.71428571428571,2.71428571428571,0,NA,NA,NA,NA,0
"7",1945,10,"Harry S. Truman",0,0,NA,NA,NA,NA,82,0,0,1,1,0,"Democrat",2.71428571428571,2.71428571428571,1,NA,NA,NA,NA,0
"8",1945,11,"Harry S. Truman",0,0,NA,NA,NA,NA,75,0,0,1,1,0,"Democrat",3,2.71428571428571,0,NA,NA,NA,NA,0
"9",1945,12,"Harry S. Truman",0,0,NA,NA,NA,NA,NA,0,0,1,1,0,"Democrat",1.5,3,0,NA,NA,NA,NA,0
"10",1946,1,"Harry S. Truman",0,0,NA,NA,NA,NA,63,0,0,1,1,0,"Democrat",1.28571428571429,1.5,0,NA,NA,NA,NA,0
"11",1946,2,"Harry S. Truman",0,0,NA,NA,NA,NA,49,0,0,1,1,0,"Democrat",1.66666666666667,1.28571428571429,0,NA,NA,NA,NA,0
"12",1946,3,"Harry S. Truman",0,0,NA,NA,NA,NA,51,0,0,1,1,0,"Democrat",2,1.66666666666667,0,NA,NA,NA,NA,0
"13",1946,4,"Harry S. Truman",0,0,NA,NA,NA,NA,NA,0,0,1,1,0,"Democrat",2,2,0,NA,NA,NA,NA,0
"14",1946,5,"Harry S. Truman",0,0,NA,NA,NA,NA,NA,0,0,1,1,0,"Democrat",1,2,0,NA,NA,NA,NA,0
"15",1946,6,"Harry S. Truman",0,0,NA,NA,NA,NA,44,0,0,1,1,0,"Democrat",1,1,0,NA,NA,NA,NA,0
"16",1946,7,"Harry S. Truman",0,0,NA,NA,NA,NA,NA,0,0,1,1,0,"Democrat",1.5,1,0,NA,NA,NA,NA,0
"17",1946,8,"Harry S. Truman",2,1,NA,NA,NA,NA,NA,0,0,1,1,0,"Democrat",1,1.5,0,NA,NA,NA,NA,0
"18",1946,9,"Harry S. Truman",0,0,NA,NA,NA,NA,33,0,0,1,1,0,"Democrat",1.25,1,2,NA,NA,NA,NA,0
"19",1946,10,"Harry S. Truman",0,0,NA,NA,NA,NA,NA,0,0,1,1,0,"Democrat",2.14285714285714,1.25,0,NA,NA,NA,NA,0
"20",1946,11,"Harry S. Truman",0,0,NA,NA,NA,NA,34,0,0,1,1,0,"Democrat",1,2.14285714285714,0,NA,NA,NA,NA,0
"21",1946,12,"Harry S. Truman",0,0,NA,NA,NA,NA,35,0,0,1,1,0,"Democrat",1.66666666666667,1,0,NA,NA,NA,NA,0
"22",1947,1,"Harry S. Truman",0,0,NA,NA,NA,NA,48,0,0,0,1,0,"Democrat",1.8,1.66666666666667,0,NA,NA,NA,NA,0
"23",1947,2,"Harry S. Truman",0,0,0.699999988079071,NA,NA,NA,NA,0,0,0,1,0,"Democrat",1.125,1.8,0,NA,NA,NA,NA,0
"24",1947,3,"Harry S. Truman",1,0,1.79999995231628,0.699999988079071,NA,NA,61.5,0,0,0,1,1,"Democrat",4.25,1.125,0,NA,NA,NA,NA,0
"25",1947,4,"Harry S. Truman",0,0,0,1.79999995231628,0.699999988079071,NA,57,0,0,0,1,1,"Democrat",2,4.25,1,NA,NA,NA,NA,0
"26",1947,5,"Harry S. Truman",0,0,-0.200000002980232,0,1.79999995231628,0.699999988079071,65,0,0,0,1,1,"Democrat",1.2,2,0,NA,NA,NA,NA,0
"27",1947,6,"Harry S. Truman",0,0,0.600000023841858,-0.200000002980232,0,1.79999995231628,55,0,0,0,1,1,"Democrat",1.9,1.2,0,NA,NA,NA,NA,0
"28",1947,7,"Harry S. Truman",0,0,0.699999988079071,0.600000023841858,-0.200000002980232,0,61,0,0,0,1,1,"Democrat",1.25,1.9,0,NA,NA,NA,NA,0
"29",1947,8,"Harry S. Truman",0,0,0.800000011920929,0.699999988079071,0.600000023841858,-0.200000002980232,NA,0,0,0,1,1,"Democrat",1.2,1.25,0,NA,NA,NA,NA,0
"30",1947,9,"Harry S. Truman",0,0,2,0.800000011920929,0.699999988079071,0.600000023841858,55,0,0,0,1,1,"Democrat",2.5,1.2,0,NA,NA,NA,NA,0
"31",1947,10,"Harry S. Truman",0,0,0.300000011920929,2,0.800000011920929,0.699999988079071,NA,0,0,0,1,1,"Democrat",2,2.5,0,NA,NA,NA,NA,0
"32",1947,11,"Harry S. Truman",0,0,0.699999988079071,0.300000011920929,2,0.800000011920929,54,0,0,0,1,1,"Democrat",1.5,2,0,NA,NA,NA,NA,0
"33",1947,12,"Harry S. Truman",0,0,1.5,0.699999988079071,0.300000011920929,2,NA,0,0,0,1,1,"Democrat",1.2,1.5,0,NA,NA,NA,NA,0
"34",1948,1,"Harry S. Truman",0,0,1.20000004768372,1.5,0.699999988079071,0.300000011920929,53,1,0,0,1,1,"Democrat",1.83333333333333,1.2,0,3.40000009536743,NA,4.60000014305115,NA,0
"35",1948,2,"Harry S. Truman",1,0,0,1.20000004768372,1.5,0.699999988079071,NA,1,0,0,1,1,"Democrat",1,1.83333333333333,0,3.79999995231628,3.40000009536743,3.79999995231628,4.60000014305115,0
"36",1948,3,"Harry S. Truman",0,1,-0.699999988079071,0,1.20000004768372,1.5,NA,1,0,0,1,1,"Democrat",3,1,1,4,3.79999995231628,3.30000001192093,3.79999995231628,0
"37",1948,4,"Harry S. Truman",0,0,1.39999997615814,-0.699999988079071,0,1.20000004768372,36,1,0,0,1,1,"Democrat",1.75,3,0,3.90000009536743,4,5.30000007152557,3.30000001192093,0
"38",1948,5,"Harry S. Truman",0,0,0.800000011920929,1.39999997615814,-0.699999988079071,0,39,1,0,0,1,1,"Democrat",1.57142857142857,1.75,0,3.5,3.90000009536743,4.30000001192093,5.30000007152557,0
"39",1948,6,"Harry S. Truman",1,0,0.600000023841858,0.800000011920929,1.39999997615814,-0.699999988079071,40,1,0,0,1,1,"Democrat",1.61904761904762,1.57142857142857,0,3.59999990463257,3.5,4.19999992847443,4.30000001192093,0
"40",1948,7,"Harry S. Truman",1,0,1,0.600000023841858,0.800000011920929,1.39999997615814,NA,1,0,0,1,1,"Democrat",1.66666666666667,1.61904761904762,1,3.59999990463257,3.59999990463257,4.59999990463257,4.19999992847443,0
"41",1948,8,"Harry S. Truman",0,0,0.100000001490116,1,0.600000023841858,0.800000011920929,NA,1,0,0,1,1,"Democrat",1,1.66666666666667,1,3.90000009536743,3.59999990463257,4.00000009685755,4.59999990463257,0
"42",1948,9,"Harry S. Truman",0,0,-0.300000011920929,0.100000001490116,1,0.600000023841858,NA,1,0,0,1,1,"Democrat",1.42424242424242,1,0,3.79999995231628,3.90000009536743,3.49999994039536,4.00000009685755,0
"43",1948,10,"Harry S. Truman",0,0,-0.200000002980232,-0.300000011920929,0.100000001490116,1,NA,1,0,0,1,1,"Democrat",1.65116279069767,1.42424242424242,0,3.70000004768372,3.79999995231628,3.50000004470348,3.49999994039536,0
"44",1948,11,"Harry S. Truman",1,0,-0.600000023841858,-0.200000002980232,-0.300000011920929,0.100000001490116,NA,1,0,0,1,1,"Democrat",1.16666666666667,1.65116279069767,0,3.79999995231628,3.70000004768372,3.19999992847443,3.50000004470348,0
"45",1948,12,"Harry S. Truman",0,0,-0.5,-0.600000023841858,-0.200000002980232,-0.300000011920929,NA,1,0,0,1,1,"Democrat",1.16666666666667,1.16666666666667,1,4,3.79999995231628,3.5,3.19999992847443,0
"46",1949,1,"Harry S. Truman",0,0,-0.200000002980232,-0.5,-0.600000023841858,-0.200000002980232,69,0,1,1,1,1,"Democrat",1.54545454545455,1.16666666666667,0,4.30000019073486,4,4.10000018775463,3.5,0
"47",1949,2,"Harry S. Truman",0,0,-0.400000005960464,-0.200000002980232,-0.5,-0.600000023841858,NA,0,1,1,1,1,"Democrat",1.16666666666667,1.54545454545455,0,4.69999980926514,4.30000019073486,4.29999980330467,4.10000018775463,0
"48",1949,3,"Harry S. Truman",0,0,0,-0.400000005960464,-0.200000002980232,-0.5,57,0,1,1,1,1,"Democrat",1.07692307692308,1.16666666666667,0,5,4.69999980926514,5,4.29999980330467,0
"49",1949,4,"Harry S. Truman",0,0,0,0,-0.400000005960464,-0.200000002980232,NA,0,1,1,1,1,"Democrat",2.30769230769231,1.07692307692308,0,5.30000019073486,5,5.30000019073486,5,0
"50",1949,5,"Harry S. Truman",0,0,0,0,0,-0.400000005960464,51,0,1,1,1,1,"Democrat",1.33333333333333,2.30769230769231,0,6.09999990463257,5.30000019073486,6.09999990463257,5.30000019073486,0
"51",1949,6,"Harry S. Truman",0,0,0,0,0,0,57,0,1,1,1,1,"Democrat",1.63636363636364,1.33333333333333,0,6.19999980926514,6.09999990463257,6.19999980926514,6.09999990463257,0
"52",1949,7,"Harry S. Truman",0,0,-0.899999976158142,0,0,0,NA,0,1,1,1,1,"Democrat",2.375,1.63636363636364,0,6.69999980926514,6.19999980926514,5.799999833107,6.19999980926514,0
"53",1949,8,"Harry S. Truman",1,0,0,-0.899999976158142,0,0,NA,0,1,1,1,1,"Democrat",1.52941176470588,2.375,0,6.80000019073486,6.69999980926514,6.80000019073486,5.799999833107,0
"54",1949,9,"Harry S. Truman",0,0,0.200000002980232,0,-0.899999976158142,0,48.6666679382324,0,1,1,1,1,"Democrat",1.07692307692308,1.52941176470588,1,6.59999990463257,6.80000019073486,6.7999999076128,6.80000019073486,0
"55",1949,10,"Harry S. Truman",2,2,-0.300000011920929,0.200000002980232,0,-0.899999976158142,NA,0,1,1,1,1,"Democrat",2.18181818181818,1.07692307692308,0,7.90000009536743,6.59999990463257,7.6000000834465,6.7999999076128,0
"56",1949,11,"Harry S. Truman",0,0,0.100000001490116,-0.300000011920929,0.200000002980232,0,NA,0,1,1,1,1,"Democrat",1.61538461538462,2.18181818181818,2,6.40000009536743,7.90000009536743,6.50000009685755,7.6000000834465,0
"57",1949,12,"Harry S. Truman",0,0,-0.400000005960464,0.100000001490116,-0.300000011920929,0.200000002980232,NA,0,1,1,1,1,"Democrat",1.8,1.61538461538462,0,6.59999990463257,6.40000009536743,6.1999998986721,6.50000009685755,0
"58",1950,1,"Harry S. Truman",0,0,-0.400000005960464,-0.400000005960464,0.100000001490116,-0.300000011920929,45,0,1,1,1,1,"Democrat",1.90909090909091,1.8,0,6.5,6.59999990463257,6.09999999403954,6.1999998986721,0
"59",1950,2,"Harry S. Truman",0,0,0.400000005960464,-0.400000005960464,-0.400000005960464,0.100000001490116,37,0,1,1,1,1,"Democrat",1.7,1.90909090909091,0,6.40000009536743,6.5,6.8000001013279,6.09999999403954,0
"60",1950,3,"Harry S. Truman",0,0,0.100000001490116,0.400000005960464,-0.400000005960464,-0.400000005960464,NA,0,1,1,1,1,"Democrat",1.5,1.7,0,6.30000019073486,6.40000009536743,6.40000019222498,6.8000001013279,0
"61",1950,4,"Harry S. Truman",0,0,0,0.100000001490116,0.400000005960464,-0.400000005960464,NA,0,1,1,1,1,"Democrat",2.5,1.5,0,5.80000019073486,6.30000019073486,5.80000019073486,6.40000019222498,0
"62",1950,5,"Harry S. Truman",0,0,0.5,0,0.100000001490116,0.400000005960464,41,0,1,1,1,1,"Democrat",2.20689655172414,2.5,0,5.5,5.80000019073486,6,5.80000019073486,0
"63",1950,6,"Harry S. Truman",1,0,0.5,0.5,0,0.100000001490116,37,0,1,1,1,1,"Democrat",2.33333333333333,2.20689655172414,0,5.40000009536743,5.5,5.90000009536743,6,0
"64",1950,7,"Harry S. Truman",0,0,0.800000011920929,0.5,0.5,0,42.5,0,1,1,1,1,"Democrat",3.75,2.33333333333333,1,5,5.40000009536743,5.80000001192093,5.90000009536743,0
"65",1950,8,"Harry S. Truman",0,0,0.5,0.800000011920929,0.5,0.5,43,0,1,1,1,1,"Democrat",2.33333333333333,3.75,0,4.5,5,5,5.80000001192093,0
"66",1950,9,"Harry S. Truman",0,0,0.600000023841858,0.5,0.800000011920929,0.5,35,0,1,1,1,1,"Democrat",2.66666666666667,2.33333333333333,0,4.40000009536743,4.5,5.00000011920929,5,0
"67",1950,10,"Harry S. Truman",1,0,0.699999988079071,0.600000023841858,0.5,0.800000011920929,39.5,0,1,1,1,1,"Democrat",3.28571428571429,2.66666666666667,0,4.19999980926514,4.40000009536743,4.89999979734421,5.00000011920929,0
"68",1950,11,"Harry S. Truman",0,0,0.400000005960464,0.699999988079071,0.600000023841858,0.5,NA,0,1,1,1,1,"Democrat",2.85714285714286,3.28571428571429,1,4.19999980926514,4.19999980926514,4.5999998152256,4.89999979734421,0
"69",1950,12,"Harry S. Truman",0,0,1.5,0.400000005960464,0.699999988079071,0.600000023841858,33,0,1,1,1,1,"Democrat",2.7,2.85714285714286,0,4.30000019073486,4.19999980926514,5.80000019073486,4.5999998152256,0
"70",1951,1,"Harry S. Truman",0,0,1.60000002384186,1.5,0.400000005960464,0.699999988079071,36,0,1,1,1,1,"Democrat",1.92307692307692,2.7,0,3.70000004768372,4.30000019073486,5.30000007152557,5.80000019073486,0
"71",1951,2,"Harry S. Truman",1,1,1.79999995231628,1.60000002384186,1.5,0.400000005960464,26,0,1,1,1,1,"Democrat",1.61538461538462,1.92307692307692,0,3.40000009536743,3.70000004768372,5.20000004768372,5.30000007152557,0
"72",1951,3,"Harry S. Truman",0,0,0.200000002980232,1.79999995231628,1.60000002384186,1.5,27.5,0,1,1,1,1,"Democrat",2,1.61538461538462,1,3.40000009536743,3.40000009536743,3.60000009834766,5.20000004768372,0
"73",1951,4,"Harry S. Truman",0,0,0.200000002980232,0.200000002980232,1.79999995231628,1.60000002384186,24,0,1,1,1,1,"Democrat",3.11111111111111,2,0,3.09999990463257,3.40000009536743,3.2999999076128,3.60000009834766,0
"74",1951,5,"Harry S. Truman",1,0,0.300000011920929,0.200000002980232,0.200000002980232,1.79999995231628,24,0,1,1,1,1,"Democrat",2.53846153846154,3.11111111111111,0,3,3.09999990463257,3.30000001192093,3.2999999076128,0
"75",1951,6,"Harry S. Truman",0,0,-0.200000002980232,0.300000011920929,0.200000002980232,0.200000002980232,25,0,1,1,1,1,"Democrat",1.38461538461538,2.53846153846154,1,3.20000004768372,3,3.00000004470348,3.30000001192093,0
"76",1951,7,"Harry S. Truman",0,0,-0.100000001490116,-0.200000002980232,0.300000011920929,0.200000002980232,29,0,1,1,1,1,"Democrat",1.78571428571429,1.38461538461538,0,3.09999990463257,3.20000004768372,2.99999990314245,3.00000004470348,0
"77",1951,8,"Harry S. Truman",0,0,-0.200000002980232,-0.100000001490116,-0.200000002980232,0.300000011920929,31,0,1,1,1,1,"Democrat",2,1.78571428571429,0,3.09999990463257,3.09999990463257,2.89999990165234,2.99999990314245,0
"78",1951,9,"Harry S. Truman",0,0,0.699999988079071,-0.200000002980232,-0.100000001490116,-0.200000002980232,32,0,1,1,1,1,"Democrat",2,2,0,3.29999995231628,3.09999990463257,3.99999994039536,2.89999990165234,0
"79",1951,10,"Harry S. Truman",0,0,0.5,0.699999988079071,-0.200000002980232,-0.100000001490116,29,0,1,1,1,1,"Democrat",1.47826086956522,2,0,3.5,3.29999995231628,4,3.99999994039536,0
"80",1951,11,"Harry S. Truman",0,0,0.600000023841858,0.5,0.699999988079071,-0.200000002980232,23,0,1,1,1,1,"Democrat",2.6,1.47826086956522,0,3.5,3.5,4.10000002384186,4,0
"81",1951,12,"Harry S. Truman",0,0,0.600000023841858,0.600000023841858,0.5,0.699999988079071,NA,0,1,1,1,1,"Democrat",2.33333333333333,2.6,0,3.09999990463257,3.5,3.69999992847443,4.10000002384186,0
"82",1952,1,"Harry S. Truman",0,0,-0.100000001490116,0.600000023841858,0.600000023841858,0.5,24,1,1,1,1,1,"Democrat",2,2.33333333333333,0,3.20000004768372,3.09999990463257,3.1000000461936,3.69999992847443,0
"83",1952,2,"Harry S. Truman",0,0,-0.200000002980232,-0.100000001490116,0.600000023841858,0.600000023841858,22,1,1,1,1,1,"Democrat",1.46153846153846,2,0,3.09999990463257,3.20000004768372,2.89999990165234,3.1000000461936,0
"84",1952,3,"Harry S. Truman",0,0,-0.100000001490116,-0.200000002980232,-0.100000001490116,0.600000023841858,NA,1,1,1,1,1,"Democrat",3.28571428571429,1.46153846153846,0,2.90000009536743,3.09999990463257,2.80000009387732,2.89999990165234,0
"85",1952,4,"Harry S. Truman",0,0,0.300000011920929,-0.100000001490116,-0.200000002980232,-0.100000001490116,28,1,1,1,1,1,"Democrat",2.5625,3.28571428571429,0,2.90000009536743,2.90000009536743,3.20000010728836,2.80000009387732,0
"86",1952,5,"Harry S. Truman",0,0,0,0.300000011920929,-0.100000001490116,-0.200000002980232,29,1,1,1,1,1,"Democrat",2.0952380952381,2.5625,0,3,2.90000009536743,3,3.20000010728836,0
"87",1952,6,"Harry S. Truman",0,0,0.200000002980232,0,0.300000011920929,-0.100000001490116,32,1,1,1,1,1,"Democrat",1.39130434782609,2.0952380952381,0,3,3,3.20000000298023,3,0
"88",1952,7,"Harry S. Truman",0,0,0.600000023841858,0.200000002980232,0,0.300000011920929,29,1,1,1,1,1,"Democrat",1,1.39130434782609,0,3.20000004768372,3,3.80000007152557,3.20000000298023,0
"89",1952,8,"Harry S. Truman",1,1,0,0.600000023841858,0.200000002980232,0,NA,1,1,1,1,1,"Democrat",1,1,0,3.40000009536743,3.20000004768372,3.40000009536743,3.80000007152557,0
"90",1952,9,"Harry S. Truman",0,0,-0.200000002980232,0,0.600000023841858,0.200000002980232,NA,1,1,1,1,1,"Democrat",1.30434782608696,1,1,3.09999990463257,3.40000009536743,2.89999990165234,3.40000009536743,0
"91",1952,10,"Harry S. Truman",0,0,0.200000002980232,-0.200000002980232,0,0.600000023841858,32,1,1,1,1,1,"Democrat",2.61702127659574,1.30434782608696,0,3,3.09999990463257,3.20000000298023,2.89999990165234,0
"92",1952,11,"Harry S. Truman",0,0,0,0.200000002980232,-0.200000002980232,0,NA,1,1,1,1,1,"Democrat",2.4,2.61702127659574,0,2.79999995231628,3,2.79999995231628,3.20000000298023,0
"93",1952,12,"Harry S. Truman",0,0,0.100000001490116,0,0.200000002980232,-0.200000002980232,32,1,1,1,1,1,"Democrat",2.4,2.4,0,2.70000004768372,2.79999995231628,2.80000004917383,2.79999995231628,0
"94",1953,1,"Harry S. Truman",0,0,-0.300000011920929,0.100000001490116,0,0.200000002980232,NA,0,1,1,1,1,"Democrat",5,2.4,0,2.90000009536743,2.70000004768372,2.6000000834465,2.80000004917383,0
"95",1953,2,"Dwight D. Eisenhower",2,1,-0.200000002980232,-0.300000011920929,0.100000001490116,0,67.5,0,0,1,0,1,"Republican",1.8,NA,NA,2.59999990463257,2.90000009536743,2.39999990165234,NA,0
"96",1953,3,"Dwight D. Eisenhower",1,1,0.200000002980232,-0.200000002980232,-0.300000011920929,0.100000001490116,74,0,0,1,0,1,"Republican",1.14285714285714,1.8,2,2.59999990463257,2.59999990463257,2.7999999076128,2.39999990165234,0
"97",1953,4,"Dwight D. Eisenhower",0,0,0.200000002980232,0.200000002980232,-0.200000002980232,-0.300000011920929,73,0,0,1,0,1,"Republican",2.85714285714286,1.14285714285714,1,2.70000004768372,2.59999990463257,2.90000005066395,2.7999999076128,0
"98",1953,5,"Dwight D. Eisenhower",0,0,0,0.200000002980232,0.200000002980232,-0.200000002980232,74,0,0,1,0,1,"Republican",2.33333333333333,2.85714285714286,0,2.5,2.70000004768372,2.5,2.90000005066395,0
"99",1953,6,"Dwight D. Eisenhower",0,0,0.300000011920929,0,0.200000002980232,0.200000002980232,NA,0,0,1,0,1,"Republican",1.81818181818182,2.33333333333333,0,2.5,2.5,2.80000001192093,2.5,0
"100",1953,7,"Dwight D. Eisenhower",1,0,0.100000001490116,0.300000011920929,0,0.200000002980232,71,0,0,1,0,1,"Republican",2.5,1.81818181818182,0,2.59999990463257,2.5,2.69999990612268,2.80000001192093,0
"101",1953,8,"Dwight D. Eisenhower",1,1,0.200000002980232,0.100000001490116,0.300000011920929,0,74,0,0,1,0,1,"Republican",3,2.5,1,2.70000004768372,2.59999990463257,2.90000005066395,2.69999990612268,0
"102",1953,9,"Dwight D. Eisenhower",0,0,0.100000001490116,0.200000002980232,0.100000001490116,0.300000011920929,61,0,0,1,0,1,"Republican",1.28571428571429,3,1,2.90000009536743,2.70000004768372,3.00000009685755,2.90000005066395,0
"103",1953,10,"Dwight D. Eisenhower",0,0,0.200000002980232,0.100000001490116,0.200000002980232,0.100000001490116,65,0,0,1,0,1,"Republican",1.2,1.28571428571429,0,3.09999990463257,2.90000009536743,3.2999999076128,3.00000009685755,0
"104",1953,11,"Dwight D. Eisenhower",0,0,-0.400000005960464,0.200000002980232,0.100000001490116,0.200000002980232,60,0,0,1,0,1,"Republican",1.54545454545455,1.2,0,3.5,3.09999990463257,3.09999999403954,3.2999999076128,0
"105",1953,12,"Dwight D. Eisenhower",0,0,0.100000001490116,-0.400000005960464,0.200000002980232,0.100000001490116,69,0,0,1,0,1,"Republican",2.14285714285714,1.54545454545455,0,4.5,3.5,4.60000000149012,3.09999999403954,0
"106",1954,1,"Dwight D. Eisenhower",1,0,0.300000011920929,0.100000001490116,-0.400000005960464,0.200000002980232,70.5,0,0,1,0,1,"Republican",2.125,2.14285714285714,0,4.90000009536743,4.5,5.20000010728836,4.60000000149012,0
"107",1954,2,"Dwight D. Eisenhower",0,0,0.200000002980232,0.300000011920929,0.100000001490116,-0.400000005960464,67,0,0,1,0,1,"Republican",1.16666666666667,2.125,1,5.19999980926514,4.90000009536743,5.39999981224537,5.20000010728836,0
"108",1954,3,"Dwight D. Eisenhower",0,0,-0.200000002980232,0.200000002980232,0.300000011920929,0.100000001490116,66,0,0,1,0,1,"Republican",1.11111111111111,1.16666666666667,0,5.69999980926514,5.19999980926514,5.4999998062849,5.39999981224537,0
"109",1954,4,"Dwight D. Eisenhower",1,0,-0.300000011920929,-0.200000002980232,0.200000002980232,0.300000011920929,68,0,0,1,0,1,"Republican",2.4,1.11111111111111,0,5.90000009536743,5.69999980926514,5.6000000834465,5.4999998062849,0
"110",1954,5,"Dwight D. Eisenhower",0,0,0.300000011920929,-0.300000011920929,-0.200000002980232,0.200000002980232,60.5,0,0,1,0,1,"Republican",1.46666666666667,2.4,1,5.90000009536743,5.90000009536743,6.20000010728836,5.6000000834465,0
"111",1954,6,"Dwight D. Eisenhower",1,0,0,0.300000011920929,-0.300000011920929,-0.200000002980232,62,0,0,1,0,1,"Republican",1.63636363636364,1.46666666666667,0,5.59999990463257,5.90000009536743,5.59999990463257,6.20000010728836,0
"112",1954,7,"Dwight D. Eisenhower",1,1,-0.300000011920929,0,0.300000011920929,-0.300000011920929,70,0,0,1,0,1,"Republican",2,1.63636363636364,1,5.80000019073486,5.59999990463257,5.50000017881393,5.59999990463257,0
"113",1954,8,"Dwight D. Eisenhower",0,0,0,-0.300000011920929,0,0.300000011920929,65,0,0,1,0,1,"Republican",2.2,2,1,6,5.80000019073486,6,5.50000017881393,0
"114",1954,9,"Dwight D. Eisenhower",0,0,-0.100000001490116,0,-0.300000011920929,0,66,0,0,1,0,1,"Republican",1.27272727272727,2.2,0,6.09999990463257,6,5.99999990314245,6,0
"115",1954,10,"Dwight D. Eisenhower",1,1,-0.300000011920929,-0.100000001490116,0,-0.300000011920929,61,0,0,1,0,1,"Republican",1.80769230769231,1.27272727272727,0,5.69999980926514,6.09999990463257,5.39999979734421,5.99999990314245,0
"116",1954,11,"Dwight D. Eisenhower",0,0,0.200000002980232,-0.300000011920929,-0.100000001490116,0,57,0,0,1,0,1,"Republican",2.08333333333333,1.80769230769231,1,5.30000019073486,5.69999980926514,5.5000001937151,5.39999979734421,0
"117",1954,12,"Dwight D. Eisenhower",0,0,0,0.200000002980232,-0.300000011920929,-0.100000001490116,69.5,0,0,1,0,1,"Republican",2.14285714285714,2.08333333333333,0,5,5.30000019073486,5,5.5000001937151,0
"118",1955,1,"Dwight D. Eisenhower",1,1,0,0,0.200000002980232,-0.300000011920929,70,0,0,0,0,1,"Republican",2.33333333333333,2.14285714285714,0,4.90000009536743,5,4.90000009536743,5,0
"119",1955,2,"Dwight D. Eisenhower",1,0,0.200000002980232,0,0,0.200000002980232,73,0,0,0,0,1,"Republican",1.75,2.33333333333333,1,4.69999980926514,4.90000009536743,4.89999981224537,4.90000009536743,0
"120",1955,3,"Dwight D. Eisenhower",1,1,-0.100000001490116,0.200000002980232,0,0,68.5,0,0,0,0,1,"Republican",1.75,1.75,1,4.59999990463257,4.69999980926514,4.49999990314245,4.89999981224537,0
"121",1955,4,"Dwight D. Eisenhower",0,0,0,-0.100000001490116,0.200000002980232,0,70,0,0,0,0,1,"Republican",2.16666666666667,1.75,1,4.69999980926514,4.59999990463257,4.69999980926514,4.49999990314245,0
"122",1955,5,"Dwight D. Eisenhower",1,1,-0.100000001490116,0,-0.100000001490116,0.200000002980232,68,0,0,0,0,1,"Republican",1.76470588235294,2.16666666666667,0,4.30000019073486,4.69999980926514,4.20000018924475,4.69999980926514,0
"123",1955,6,"Dwight D. Eisenhower",0,0,-0.200000002980232,-0.100000001490116,0,-0.100000001490116,68.5,0,0,0,0,1,"Republican",1.77272727272727,1.76470588235294,1,4.19999980926514,4.30000019073486,3.9999998062849,4.20000018924475,0
"124",1955,7,"Dwight D. Eisenhower",0,0,0.200000002980232,-0.200000002980232,-0.100000001490116,0,72,0,0,0,0,1,"Republican",2.15384615384615,1.77272727272727,0,4,4.19999980926514,4.20000000298023,3.9999998062849,0
"125",1955,8,"Dwight D. Eisenhower",0,0,-0.100000001490116,0.200000002980232,-0.200000002980232,-0.100000001490116,73.5,0,0,0,0,1,"Republican",1.5,2.15384615384615,0,4.19999980926514,4,4.09999980777502,4.20000000298023,0
"126",1955,9,"Dwight D. Eisenhower",0,0,0.5,-0.100000001490116,0.200000002980232,-0.200000002980232,71,0,0,0,0,1,"Republican",1,1.5,0,4.09999990463257,4.19999980926514,4.59999990463257,4.09999980777502,0
"127",1955,10,"Dwight D. Eisenhower",0,0,-0.100000001490116,0.5,-0.100000001490116,0.200000002980232,NA,0,0,0,0,1,"Republican",NA,1,0,4.30000019073486,4.09999990463257,4.20000018924475,4.59999990463257,0
"128",1955,11,"Dwight D. Eisenhower",0,0,0.200000002980232,-0.100000001490116,0.5,-0.100000001490116,78,0,0,0,0,1,"Republican",1,NA,0,4.19999980926514,4.30000019073486,4.39999981224537,4.20000018924475,0
"129",1955,12,"Dwight D. Eisenhower",0,0,0,0.200000002980232,-0.100000001490116,0.5,75,0,0,0,0,1,"Republican",1,1,0,4.19999980926514,4.19999980926514,4.19999980926514,4.39999981224537,0
"130",1956,1,"Dwight D. Eisenhower",0,0,-0.100000001490116,0,0.200000002980232,-0.100000001490116,76.5,1,0,0,0,1,"Republican",1.8,1,0,4,4.19999980926514,3.89999999850988,4.19999980926514,0
"131",1956,2,"Dwight D. Eisenhower",0,0,0.100000001490116,-0.100000001490116,0,0.200000002980232,75,1,0,0,0,1,"Republican",1,1.8,0,3.90000009536743,4,4.00000009685755,3.89999999850988,0
"132",1956,3,"Dwight D. Eisenhower",0,0,0.100000001490116,0.100000001490116,-0.100000001490116,0,72.5,1,0,0,0,1,"Republican",1.2,1,0,4.19999980926514,3.90000009536743,4.29999981075525,4.00000009685755,0
"133",1956,4,"Dwight D. Eisenhower",0,0,0.100000001490116,0.100000001490116,0.100000001490116,-0.100000001490116,69,1,0,0,0,1,"Republican",3,1.2,0,4,4.19999980926514,4.10000000149012,4.29999981075525,0
"134",1956,5,"Dwight D. Eisenhower",0,0,0.400000005960464,0.100000001490116,0.100000001490116,0.100000001490116,70,1,0,0,0,1,"Republican",1.88888888888889,3,0,4.30000019073486,4,4.70000019669533,4.10000000149012,0
"135",1956,6,"Dwight D. Eisenhower",0,0,0.400000005960464,0.400000005960464,0.100000001490116,0.100000001490116,73,1,0,0,0,1,"Republican",2.33333333333333,1.88888888888889,0,4.30000019073486,4.30000019073486,4.70000019669533,4.70000019669533,0
"136",1956,7,"Dwight D. Eisenhower",0,0,0.5,0.400000005960464,0.400000005960464,0.100000001490116,70,1,0,0,0,1,"Republican",2.5,2.33333333333333,0,4.40000009536743,4.30000019073486,4.90000009536743,4.70000019669533,0
"137",1956,8,"Dwight D. Eisenhower",1,1,0.100000001490116,0.5,0.400000005960464,0.400000005960464,68,1,0,0,0,1,"Republican",3.28571428571429,2.5,0,4.09999990463257,4.40000009536743,4.19999990612268,4.90000009536743,0
"138",1956,9,"Dwight D. Eisenhower",0,0,0.100000001490116,0.100000001490116,0.5,0.400000005960464,NA,1,0,0,0,1,"Republican",1.75,3.28571428571429,1,3.90000009536743,4.09999990463257,4.00000009685755,4.19999990612268,0
"139",1956,10,"Dwight D. Eisenhower",0,0,0.600000023841858,0.100000001490116,0.100000001490116,0.5,NA,1,0,0,0,1,"Republican",2.3125,1.75,0,3.90000009536743,3.90000009536743,4.50000011920929,4.00000009685755,0
"140",1956,11,"Dwight D. Eisenhower",2,0,0,0.600000023841858,0.100000001490116,0.100000001490116,75,1,0,0,0,1,"Republican",2.28571428571429,2.3125,0,4.30000019073486,3.90000009536743,4.30000019073486,4.50000011920929,0
"141",1956,12,"Dwight D. Eisenhower",0,0,0.400000005960464,0,0.600000023841858,0.100000001490116,79,1,0,0,0,1,"Republican",1,2.28571428571429,2,4.19999980926514,4.30000019073486,4.5999998152256,4.30000019073486,0
"142",1957,1,"Dwight D. Eisenhower",0,0,0.100000001490116,0.400000005960464,0,0.600000023841858,73,0,1,0,0,1,"Republican",3.14285714285714,1,0,4.19999980926514,4.19999980926514,4.29999981075525,4.5999998152256,0
"143",1957,2,"Dwight D. Eisenhower",0,0,0.5,0.100000001490116,0.400000005960464,0,72,0,1,0,0,1,"Republican",3,3.14285714285714,0,3.90000009536743,4.19999980926514,4.40000009536743,4.29999981075525,0
"144",1957,3,"Dwight D. Eisenhower",0,0,0.200000002980232,0.5,0.100000001490116,0.400000005960464,65,0,1,0,0,1,"Republican",1,3,0,3.70000004768372,3.90000009536743,3.90000005066395,4.40000009536743,0
"145",1957,4,"Dwight D. Eisenhower",1,0,0.300000011920929,0.200000002980232,0.5,0.100000001490116,65.5,0,1,0,0,1,"Republican",1.28571428571429,1,0,3.90000009536743,3.70000004768372,4.20000010728836,3.90000005066395,0
"146",1957,5,"Dwight D. Eisenhower",0,0,0.300000011920929,0.300000011920929,0.200000002980232,0.5,62,0,1,0,0,1,"Republican",2.27272727272727,1.28571428571429,1,4.09999990463257,3.90000009536743,4.3999999165535,4.20000010728836,0
"147",1957,6,"Dwight D. Eisenhower",1,1,0.400000005960464,0.300000011920929,0.300000011920929,0.200000002980232,63.5,0,1,0,0,1,"Republican",1.46153846153846,2.27272727272727,0,4.30000019073486,4.09999990463257,4.70000019669533,4.3999999165535,0
"148",1957,7,"Dwight D. Eisenhower",1,1,0.300000011920929,0.400000005960464,0.300000011920929,0.300000011920929,65,0,1,0,0,1,"Republican",1.71428571428571,1.46153846153846,1,4.19999980926514,4.30000019073486,4.49999982118607,4.70000019669533,0
"149",1957,8,"Dwight D. Eisenhower",0,0,0.300000011920929,0.300000011920929,0.400000005960464,0.300000011920929,61,0,1,0,0,1,"Republican",2,1.71428571428571,1,4.09999990463257,4.19999980926514,4.3999999165535,4.49999982118607,0
"150",1957,9,"Dwight D. Eisenhower",0,0,0.100000001490116,0.300000011920929,0.300000011920929,0.400000005960464,59,0,1,0,0,1,"Republican",2,2,0,4.40000009536743,4.09999990463257,4.50000009685755,4.3999999165535,0
"151",1957,10,"Dwight D. Eisenhower",0,0,0,0.100000001490116,0.300000011920929,0.300000011920929,57,0,1,0,0,1,"Republican",2,2,0,4.5,4.40000009536743,4.5,4.50000009685755,0
"152",1957,11,"Dwight D. Eisenhower",0,0,0.300000011920929,0,0.100000001490116,0.300000011920929,58,0,1,0,0,1,"Republican",3,2,0,5.09999990463257,4.5,5.3999999165535,4.5,0
"153",1957,12,"Dwight D. Eisenhower",0,0,0.200000002980232,0.300000011920929,0,0.100000001490116,NA,0,1,0,0,1,"Republican",3,3,0,5.19999980926514,5.09999990463257,5.39999981224537,5.3999999165535,0
"154",1958,1,"Dwight D. Eisenhower",1,1,0.600000023841858,0.200000002980232,0.300000011920929,0,59,0,1,0,0,1,"Republican",2.6,3,0,5.80000019073486,5.19999980926514,6.40000021457672,5.39999981224537,0
"155",1958,2,"Dwight D. Eisenhower",1,0,0.200000002980232,0.600000023841858,0.200000002980232,0.300000011920929,54,0,1,0,0,1,"Republican",2.25,2.6,1,6.40000009536743,5.80000019073486,6.60000009834766,6.40000021457672,0
"156",1958,3,"Dwight D. Eisenhower",0,1,0.600000023841858,0.200000002980232,0.600000023841858,0.200000002980232,49.5,0,1,0,0,1,"Republican",2.33333333333333,2.25,1,6.69999980926514,6.40000009536743,7.299999833107,6.60000009834766,0
"157",1958,4,"Dwight D. Eisenhower",0,0,0.200000002980232,0.600000023841858,0.200000002980232,0.600000023841858,54,0,1,0,0,1,"Republican",2.11111111111111,2.33333333333333,0,7.40000009536743,6.69999980926514,7.60000009834766,7.299999833107,0
"158",1958,5,"Dwight D. Eisenhower",1,1,0,0.200000002980232,0.600000023841858,0.200000002980232,53.5,0,1,0,0,1,"Republican",1.8125,2.11111111111111,0,7.40000009536743,7.40000009536743,7.40000009536743,7.60000009834766,0
"159",1958,6,"Dwight D. Eisenhower",2,2,-0.100000001490116,0,0.200000002980232,0.600000023841858,NA,0,1,0,0,1,"Republican",1.2,1.8125,1,7.30000019073486,7.40000009536743,7.20000018924475,7.40000009536743,0
"160",1958,7,"Dwight D. Eisenhower",4,1,-0.100000001490116,-0.100000001490116,0,0.200000002980232,55,0,1,0,0,1,"Republican",2.6,1.2,2,7.5,7.30000019073486,7.39999999850988,7.20000018924475,0
"161",1958,8,"Dwight D. Eisenhower",0,0,0.200000002980232,-0.100000001490116,-0.100000001490116,0,56,0,1,0,0,1,"Republican",2.42857142857143,2.6,4,7.40000009536743,7.5,7.60000009834766,7.39999999850988,0
"162",1958,9,"Dwight D. Eisenhower",0,0,-0.100000001490116,0.200000002980232,-0.100000001490116,-0.100000001490116,55.5,0,1,0,0,1,"Republican",4.5,2.42857142857143,0,7.09999990463257,7.40000009536743,6.99999990314245,7.60000009834766,0
"163",1958,10,"Dwight D. Eisenhower",0,0,0,-0.100000001490116,0.200000002980232,-0.100000001490116,57,0,1,0,0,1,"Republican",1.84210526315789,4.5,0,6.69999980926514,7.09999990463257,6.69999980926514,6.99999990314245,0
"164",1958,11,"Dwight D. Eisenhower",1,2,0.100000001490116,0,-0.100000001490116,0.200000002980232,52,0,1,0,0,1,"Republican",1.5,1.84210526315789,0,6.19999980926514,6.69999980926514,6.29999981075525,6.69999980926514,0
"165",1958,12,"Dwight D. Eisenhower",1,1,0.100000001490116,0.100000001490116,0,-0.100000001490116,57,0,1,0,0,1,"Republican",2.66666666666667,1.5,1,6.19999980926514,6.19999980926514,6.29999981075525,6.29999981075525,0
"166",1959,1,"Dwight D. Eisenhower",1,0,0.100000001490116,0.100000001490116,0.100000001490116,0,57,0,1,0,0,1,"Republican",1.55555555555556,2.66666666666667,1,6,6.19999980926514,6.10000000149012,6.29999981075525,0
"167",1959,2,"Dwight D. Eisenhower",0,0,0,0.100000001490116,0.100000001490116,0.100000001490116,59,0,1,0,0,1,"Republican",1.4,1.55555555555556,1,5.90000009536743,6,5.90000009536743,6.10000000149012,0
"168",1959,3,"Dwight D. Eisenhower",0,1,-0.100000001490116,0,0.100000001490116,0.100000001490116,58,0,1,0,0,1,"Republican",2.45454545454545,1.4,0,5.59999990463257,5.90000009536743,5.49999990314245,5.90000009536743,0
"169",1959,4,"Dwight D. Eisenhower",0,0,0,-0.100000001490116,0,0.100000001490116,61,0,1,0,0,1,"Republican",2.08333333333333,2.45454545454545,0,5.19999980926514,5.59999990463257,5.19999980926514,5.49999990314245,0
"170",1959,5,"Dwight D. Eisenhower",0,0,0.200000002980232,0,-0.100000001490116,0,64,0,1,0,0,1,"Republican",1.30769230769231,2.08333333333333,0,5.09999990463257,5.19999980926514,5.2999999076128,5.19999980926514,0
"171",1959,6,"Dwight D. Eisenhower",0,0,0.200000002980232,0.200000002980232,0,-0.100000001490116,62,0,1,0,0,1,"Republican",1.6,1.30769230769231,0,5,5.09999990463257,5.20000000298023,5.2999999076128,0
"172",1959,7,"Dwight D. Eisenhower",0,0,0.100000001490116,0.200000002980232,0.200000002980232,0,61,0,1,0,0,1,"Republican",1.88888888888889,1.6,0,5.09999990463257,5,5.19999990612268,5.20000000298023,0
"173",1959,8,"Dwight D. Eisenhower",0,0,0.100000001490116,0.100000001490116,0.200000002980232,0.200000002980232,67,0,1,0,0,1,"Republican",2.18181818181818,1.88888888888889,0,5.19999980926514,5.09999990463257,5.29999981075525,5.19999990612268,0
"174",1959,9,"Dwight D. Eisenhower",0,0,0.200000002980232,0.100000001490116,0.100000001490116,0.200000002980232,66,0,1,0,0,1,"Republican",1.88235294117647,2.18181818181818,0,5.5,5.19999980926514,5.70000000298023,5.29999981075525,0
"175",1959,10,"Dwight D. Eisenhower",0,0,0.300000011920929,0.200000002980232,0.100000001490116,0.100000001490116,67,0,1,0,0,1,"Republican",1.55555555555556,1.88235294117647,0,5.69999980926514,5.5,5.99999982118607,5.70000000298023,0
"176",1959,11,"Dwight D. Eisenhower",0,0,0,0.300000011920929,0.200000002980232,0.100000001490116,65,0,1,0,0,1,"Republican",1.66666666666667,1.55555555555556,0,5.80000019073486,5.69999980926514,5.80000019073486,5.99999982118607,0
"177",1959,12,"Dwight D. Eisenhower",0,0,0.200000002980232,0,0.300000011920929,0.200000002980232,72,0,1,0,0,1,"Republican",1.90697674418605,1.66666666666667,0,5.30000019073486,5.80000019073486,5.5000001937151,5.80000019073486,0
"178",1960,1,"Dwight D. Eisenhower",0,0,-0.100000001490116,0.200000002980232,0,0.300000011920929,66,1,1,0,0,1,"Republican",2.5,1.90697674418605,0,5.19999980926514,5.30000019073486,5.09999980777502,5.5000001937151,0
"179",1960,2,"Dwight D. Eisenhower",0,0,0.100000001490116,-0.100000001490116,0.200000002980232,0,64,1,1,0,0,1,"Republican",2.10344827586207,2.5,0,4.80000019073486,5.19999980926514,4.90000019222498,5.09999980777502,0
"180",1960,3,"Dwight D. Eisenhower",0,0,0,0.100000001490116,-0.100000001490116,0.200000002980232,64.5,1,1,0,0,1,"Republican",1.76190476190476,2.10344827586207,0,5.40000009536743,4.80000019073486,5.40000009536743,4.90000019222498,0
"181",1960,4,"Dwight D. Eisenhower",1,1,0.400000005960464,0,0.100000001490116,-0.100000001490116,62,1,1,0,0,1,"Republican",2.09090909090909,1.76190476190476,0,5.19999980926514,5.40000009536743,5.5999998152256,5.40000009536743,0
"182",1960,5,"Dwight D. Eisenhower",2,2,0.100000001490116,0.400000005960464,0,0.100000001490116,65,1,1,0,0,1,"Republican",2.625,2.09090909090909,1,5.09999990463257,5.19999980926514,5.19999990612268,5.5999998152256,0
"183",1960,6,"Dwight D. Eisenhower",0,0,0.100000001490116,0.100000001490116,0.400000005960464,0,59,1,1,0,0,1,"Republican",2.41176470588235,2.625,2,5.40000009536743,5.09999990463257,5.50000009685755,5.19999990612268,0
"184",1960,7,"Dwight D. Eisenhower",1,0,-0.200000002980232,0.100000001490116,0.100000001490116,0.400000005960464,56,1,1,0,0,1,"Republican",2.2,2.41176470588235,0,5.5,5.40000009536743,5.29999999701977,5.50000009685755,0
"185",1960,8,"Dwight D. Eisenhower",0,0,0.200000002980232,-0.200000002980232,0.100000001490116,0.100000001490116,62,1,1,0,0,1,"Republican",1.28571428571429,2.2,1,5.59999990463257,5.5,5.7999999076128,5.29999999701977,0
"186",1960,9,"Dwight D. Eisenhower",0,0,0,0.200000002980232,-0.200000002980232,0.100000001490116,61.5,1,1,0,0,1,"Republican",2.14285714285714,1.28571428571429,0,5.5,5.59999990463257,5.5,5.7999999076128,0
"187",1960,10,"Dwight D. Eisenhower",0,1,0.5,0,0.200000002980232,-0.200000002980232,58,1,1,0,0,1,"Republican",2.0952380952381,2.14285714285714,0,6.09999990463257,5.5,6.59999990463257,5.5,0
"188",1960,11,"Dwight D. Eisenhower",0,0,0.100000001490116,0.5,0,0.200000002980232,59,1,1,0,0,1,"Republican",2.25,2.0952380952381,0,6.09999990463257,6.09999990463257,6.19999990612268,6.59999990463257,0
"189",1960,12,"Dwight D. Eisenhower",0,0,0.100000001490116,0.100000001490116,0.5,0,59,1,1,0,0,1,"Republican",1,2.25,0,6.59999990463257,6.09999990463257,6.69999990612268,6.19999990612268,0
"190",1961,1,"Dwight D. Eisenhower",1,0,0.100000001490116,0.100000001490116,0.100000001490116,0.5,NA,0,1,1,0,1,"Republican",2.71428571428571,1,0,6.59999990463257,6.59999990463257,6.69999990612268,6.69999990612268,0
"191",1961,2,"John F. Kennedy",0,0,0,0.100000001490116,0.100000001490116,0.100000001490116,72,0,0,1,1,1,"Democrat",1.5,NA,NA,6.90000009536743,6.59999990463257,6.90000009536743,NA,0
"192",1961,3,"John F. Kennedy",0,0,0,0,0.100000001490116,0.100000001490116,73,0,0,1,1,1,"Democrat",1.90909090909091,1.5,0,6.90000009536743,6.90000009536743,6.90000009536743,6.90000009536743,0
"193",1961,4,"John F. Kennedy",0,0,-0.100000001490116,0,0,0.100000001490116,80,0,0,1,1,1,"Democrat",2.35294117647059,1.90909090909091,0,7,6.90000009536743,6.89999999850988,6.90000009536743,0
"194",1961,5,"John F. Kennedy",0,1,0.100000001490116,-0.100000001490116,0,0,75.3333358764648,0,0,1,1,1,"Democrat",2.11538461538462,2.35294117647059,0,7.09999990463257,7,7.19999990612268,6.89999999850988,0
"195",1961,6,"John F. Kennedy",1,0,0,0.100000001490116,-0.100000001490116,0,72,0,0,1,1,1,"Democrat",2.36,2.11538461538462,0,6.90000009536743,7.09999990463257,6.90000009536743,7.19999990612268,0
"196",1961,7,"John F. Kennedy",1,1,0.300000011920929,0,0.100000001490116,-0.100000001490116,75,0,0,1,1,1,"Democrat",2.25,2.36,1,7,6.90000009536743,7.30000001192093,6.90000009536743,0
"197",1961,8,"John F. Kennedy",0,0,0.100000001490116,0.300000011920929,0,0.100000001490116,76,0,0,1,1,1,"Democrat",1.75,2.25,1,6.59999990463257,7,6.69999990612268,7.30000001192093,0
"198",1961,9,"John F. Kennedy",0,0,0.100000001490116,0.100000001490116,0.300000011920929,0,79,0,0,1,1,1,"Democrat",2,1.75,0,6.69999980926514,6.59999990463257,6.79999981075525,6.69999990612268,0
"199",1961,10,"John F. Kennedy",1,0,0,0.100000001490116,0.100000001490116,0.300000011920929,77,0,0,1,1,1,"Democrat",1.73333333333333,2,0,6.5,6.69999980926514,6.5,6.79999981075525,0
"200",1961,11,"John F. Kennedy",0,0,0,0,0.100000001490116,0.100000001490116,79,0,0,1,1,1,"Democrat",2.06666666666667,1.73333333333333,1,6.09999990463257,6.5,6.09999990463257,6.5,0
"201",1961,12,"John F. Kennedy",1,1,0.100000001490116,0,0,0.100000001490116,77,0,0,1,1,1,"Democrat",1.33333333333333,2.06666666666667,0,6,6.09999990463257,6.10000000149012,6.09999990463257,0
"202",1962,1,"John F. Kennedy",2,1,0.100000001490116,0.100000001490116,0,0,79,0,0,1,1,1,"Democrat",1.8,1.33333333333333,1,5.80000019073486,6,5.90000019222498,6.10000000149012,0
"203",1962,2,"John F. Kennedy",0,0,0.200000002980232,0.100000001490116,0.100000001490116,0,78,0,0,1,1,1,"Democrat",1.4,1.8,2,5.5,5.80000019073486,5.70000000298023,5.90000019222498,0
"204",1962,3,"John F. Kennedy",0,0,0.200000002980232,0.200000002980232,0.100000001490116,0.100000001490116,79,0,0,1,1,1,"Democrat",2.23809523809524,1.4,0,5.59999990463257,5.5,5.7999999076128,5.70000000298023,0
"205",1962,4,"John F. Kennedy",0,0,0.100000001490116,0.200000002980232,0.200000002980232,0.100000001490116,77,0,0,1,1,1,"Democrat",1.73684210526316,2.23809523809524,0,5.59999990463257,5.59999990463257,5.69999990612268,5.7999999076128,0
"206",1962,5,"John F. Kennedy",1,0,0.100000001490116,0.100000001490116,0.200000002980232,0.200000002980232,72.5,0,0,1,1,1,"Democrat",1.11111111111111,1.73684210526316,0,5.5,5.59999990463257,5.60000000149012,5.69999990612268,0
"207",1962,6,"John F. Kennedy",1,1,-0.100000001490116,0.100000001490116,0.100000001490116,0.200000002980232,69,0,0,1,1,1,"Democrat",1.40625,1.11111111111111,1,5.5,5.5,5.39999999850988,5.60000000149012,0
"208",1962,7,"John F. Kennedy",0,0,0,-0.100000001490116,0.100000001490116,0.100000001490116,66,0,0,1,1,1,"Democrat",2.46666666666667,1.40625,1,5.40000009536743,5.5,5.40000009536743,5.39999999850988,0
"209",1962,8,"John F. Kennedy",0,0,0.200000002980232,0,-0.100000001490116,0.100000001490116,67,0,0,1,1,1,"Democrat",1.72413793103448,2.46666666666667,0,5.69999980926514,5.40000009536743,5.89999981224537,5.40000009536743,0
"210",1962,9,"John F. Kennedy",0,0,0.5,0.200000002980232,0,-0.100000001490116,63,0,0,1,1,1,"Democrat",1.71052631578947,1.72413793103448,0,5.59999990463257,5.69999980926514,6.09999990463257,5.89999981224537,0
"211",1962,10,"John F. Kennedy",2,1,-0.100000001490116,0.5,0.200000002980232,0,61,0,0,1,1,1,"Democrat",1.51111111111111,1.71052631578947,0,5.40000009536743,5.59999990463257,5.30000009387732,6.09999990463257,0
"212",1962,11,"John F. Kennedy",1,0,0,-0.100000001490116,0.5,0.200000002980232,74,0,0,1,1,1,"Democrat",2.41176470588235,1.51111111111111,2,5.69999980926514,5.40000009536743,5.69999980926514,5.30000009387732,0
"213",1962,12,"John F. Kennedy",0,0,0,0,-0.100000001490116,0.5,76,0,0,1,1,1,"Democrat",2,2.41176470588235,1,5.5,5.69999980926514,5.5,5.69999980926514,0
"214",1963,1,"John F. Kennedy",0,0,0.200000002980232,0,0,-0.100000001490116,74,0,0,1,1,1,"Democrat",2.16666666666667,2,0,5.69999980926514,5.5,5.89999981224537,5.5,0
"215",1963,2,"John F. Kennedy",1,0,0.100000001490116,0.200000002980232,0,0,70,0,0,1,1,1,"Democrat",1.875,2.16666666666667,0,5.90000009536743,5.69999980926514,6.00000009685755,5.89999981224537,0
"216",1963,3,"John F. Kennedy",1,1,0.100000001490116,0.100000001490116,0.200000002980232,0,67,0,0,1,1,1,"Democrat",1.60869565217391,1.875,1,5.69999980926514,5.90000009536743,5.79999981075525,6.00000009685755,0
"217",1963,4,"John F. Kennedy",2,1,-0.100000001490116,0.100000001490116,0.100000001490116,0.200000002980232,66,0,0,1,1,1,"Democrat",1.68421052631579,1.60869565217391,1,5.69999980926514,5.69999980926514,5.59999980777502,5.79999981075525,0
"218",1963,5,"John F. Kennedy",1,1,0.100000001490116,-0.100000001490116,0.100000001490116,0.100000001490116,64.3333358764648,0,0,1,1,1,"Democrat",1.38888888888889,1.68421052631579,2,5.90000009536743,5.69999980926514,6.00000009685755,5.59999980777502,0
"219",1963,6,"John F. Kennedy",0,0,0.300000011920929,0.100000001490116,-0.100000001490116,0.100000001490116,61,0,0,1,1,1,"Democrat",2.16363636363636,1.38888888888889,1,5.59999990463257,5.90000009536743,5.8999999165535,6.00000009685755,0
"220",1963,7,"John F. Kennedy",0,0,0.300000011920929,0.300000011920929,0.100000001490116,-0.100000001490116,61,0,0,1,1,1,"Democrat",2.61904761904762,2.16363636363636,0,5.59999990463257,5.59999990463257,5.8999999165535,5.8999999165535,0
"221",1963,8,"John F. Kennedy",0,0,0.200000002980232,0.300000011920929,0.300000011920929,0.100000001490116,62,0,0,1,1,1,"Democrat",2.91666666666667,2.61904761904762,0,5.40000009536743,5.59999990463257,5.60000009834766,5.8999999165535,0
"222",1963,9,"John F. Kennedy",0,0,-0.100000001490116,0.200000002980232,0.300000011920929,0.300000011920929,56,0,0,1,1,1,"Democrat",2.16216216216216,2.91666666666667,0,5.5,5.40000009536743,5.39999999850988,5.60000009834766,0
"223",1963,10,"John F. Kennedy",0,0,0.100000001490116,-0.100000001490116,0.200000002980232,0.300000011920929,58,0,0,1,1,1,"Democrat",1.77142857142857,2.16216216216216,0,5.5,5.5,5.60000000149012,5.39999999850988,0
"224",1963,11,"John F. Kennedy",0,0,0.100000001490116,0.100000001490116,-0.100000001490116,0.200000002980232,58,0,0,1,1,1,"Democrat",1.6,1.77142857142857,0,5.69999980926514,5.5,5.79999981075525,5.60000000149012,0
"225",1963,12,"Lyndon B. Johnson",0,0,0.300000011920929,0.100000001490116,0.100000001490116,-0.100000001490116,76,0,0,1,1,1,"Democrat",1.73333333333333,NA,NA,5.5,5.69999980926514,5.80000001192093,NA,0
"226",1964,1,"Lyndon B. Johnson",1,1,0.200000002980232,0.300000011920929,0.100000001490116,0.100000001490116,76.5,1,0,1,1,1,"Democrat",1.52631578947368,1.73333333333333,0,5.59999990463257,5.5,5.7999999076128,5.80000001192093,0
"227",1964,2,"Lyndon B. Johnson",0,1,-0.100000001490116,0.200000002980232,0.300000011920929,0.100000001490116,76,1,0,1,1,1,"Democrat",2,1.52631578947368,1,5.40000009536743,5.59999990463257,5.30000009387732,5.7999999076128,0
"228",1964,3,"Lyndon B. Johnson",1,1,0.100000001490116,-0.100000001490116,0.200000002980232,0.300000011920929,76,1,0,1,1,1,"Democrat",1.40909090909091,2,0,5.40000009536743,5.40000009536743,5.50000009685755,5.30000009387732,0
"229",1964,4,"Lyndon B. Johnson",0,0,0,0.100000001490116,-0.100000001490116,0.200000002980232,75,1,0,1,1,1,"Democrat",1.3469387755102,1.40909090909091,1,5.30000019073486,5.40000009536743,5.30000019073486,5.50000009685755,0
"230",1964,5,"Lyndon B. Johnson",0,0,0.100000001490116,0,0.100000001490116,-0.100000001490116,74.5,1,0,1,1,1,"Democrat",1.07017543859649,1.3469387755102,0,5.09999990463257,5.30000019073486,5.19999990612268,5.30000019073486,0
"231",1964,6,"Lyndon B. Johnson",0,0,0.100000001490116,0.100000001490116,0,0.100000001490116,74,1,0,1,1,1,"Democrat",2.1875,1.07017543859649,0,5.19999980926514,5.09999990463257,5.29999981075525,5.19999990612268,0
"232",1964,7,"Lyndon B. Johnson",1,1,0,0.100000001490116,0.100000001490116,0,NA,1,0,1,1,1,"Democrat",1.87096774193548,2.1875,0,4.90000009536743,5.19999980926514,4.90000009536743,5.29999981075525,0
"233",1964,8,"Lyndon B. Johnson",2,1,0.100000001490116,0,0.100000001490116,0.100000001490116,NA,1,0,1,1,1,"Democrat",2.28571428571429,1.87096774193548,1,5,4.90000009536743,5.10000000149012,4.90000009536743,0
"234",1964,9,"Lyndon B. Johnson",0,0,0.100000001490116,0.100000001490116,0,0.100000001490116,NA,1,0,1,1,1,"Democrat",2.45652173913043,2.28571428571429,2,5.09999990463257,5,5.19999990612268,5.10000000149012,0
"235",1964,10,"Lyndon B. Johnson",0,0,0.100000001490116,0.100000001490116,0.100000001490116,0,NA,1,0,1,1,1,"Democrat",2.80898876404494,2.45652173913043,0,5.09999990463257,5.09999990463257,5.19999990612268,5.19999990612268,0
"236",1964,11,"Lyndon B. Johnson",1,0,0.300000011920929,0.100000001490116,0.100000001490116,0.100000001490116,70,1,0,1,1,1,"Democrat",1.66666666666667,2.80898876404494,0,4.80000019073486,5.09999990463257,5.10000020265579,5.19999990612268,0
"237",1964,12,"Lyndon B. Johnson",0,1,0.100000001490116,0.300000011920929,0.100000001490116,0.100000001490116,69,1,0,1,1,1,"Democrat",1.81818181818182,1.66666666666667,1,5,4.80000019073486,5.10000000149012,5.10000020265579,0
"238",1965,1,"Lyndon B. Johnson",0,0,0.100000001490116,0.100000001490116,0.300000011920929,0.100000001490116,70.5,0,0,1,1,1,"Democrat",2,1.81818181818182,0,4.90000009536743,5,5.00000009685755,5.10000000149012,0
"239",1965,2,"Lyndon B. Johnson",0,0,0,0.100000001490116,0.100000001490116,0.300000011920929,68,0,1,1,1,1,"Democrat",1.47619047619048,2,0,5.09999990463257,4.90000009536743,5.09999990463257,5.00000009685755,0
"240",1965,3,"Lyndon B. Johnson",0,0,0.100000001490116,0,0.100000001490116,0.100000001490116,68.5,0,1,1,1,1,"Democrat",1.19047619047619,1.47619047619048,0,4.69999980926514,5.09999990463257,4.79999981075525,5.09999990463257,0
"241",1965,4,"Lyndon B. Johnson",3,2,0.200000002980232,0.100000001490116,0,0.100000001490116,65.5,0,1,1,1,1,"Democrat",1.7,1.19047619047619,0,4.80000019073486,4.69999980926514,5.0000001937151,4.79999981075525,0
"242",1965,5,"Lyndon B. Johnson",0,0,0.300000011920929,0.200000002980232,0.100000001490116,0,70,0,1,1,1,1,"Democrat",2.48387096774194,1.7,3,4.59999990463257,4.80000019073486,4.8999999165535,5.0000001937151,0
"243",1965,6,"Lyndon B. Johnson",0,1,0.400000005960464,0.300000011920929,0.200000002980232,0.100000001490116,67,0,1,1,1,1,"Democrat",1.93548387096774,2.48387096774194,0,4.59999990463257,4.59999990463257,4.99999991059303,4.8999999165535,0
"244",1965,7,"Lyndon B. Johnson",0,0,-0.100000001490116,0.400000005960464,0.300000011920929,0.200000002980232,65,0,1,1,1,1,"Democrat",1.7,1.93548387096774,0,4.40000009536743,4.59999990463257,4.30000009387732,4.99999991059303,0
"245",1965,8,"Lyndon B. Johnson",0,0,-0.100000001490116,-0.100000001490116,0.400000005960464,0.300000011920929,64.5,0,1,1,1,1,"Democrat",1.34285714285714,1.7,0,4.40000009536743,4.40000009536743,4.30000009387732,4.30000009387732,0
"246",1965,9,"Lyndon B. Johnson",0,0,0.200000002980232,-0.100000001490116,-0.100000001490116,0.400000005960464,63,0,1,1,1,1,"Democrat",1.76190476190476,1.34285714285714,0,4.30000019073486,4.40000009536743,4.5000001937151,4.30000009387732,0
"247",1965,10,"Lyndon B. Johnson",0,0,0.100000001490116,0.200000002980232,-0.100000001490116,-0.100000001490116,65.5,0,1,1,1,1,"Democrat",1.07692307692308,1.76190476190476,0,4.19999980926514,4.30000019073486,4.29999981075525,4.5000001937151,0
"248",1965,11,"Lyndon B. Johnson",0,0,0.300000011920929,0.100000001490116,0.200000002980232,-0.100000001490116,62,0,1,1,1,1,"Democrat",1.25,1.07692307692308,0,4.09999990463257,4.19999980926514,4.3999999165535,4.29999981075525,0
"249",1965,12,"Lyndon B. Johnson",1,1,0.300000011920929,0.300000011920929,0.100000001490116,0.200000002980232,61,0,1,1,1,1,"Democrat",3.125,1.25,0,4,4.09999990463257,4.30000001192093,4.3999999165535,0
"250",1966,1,"Lyndon B. Johnson",0,0,0.100000001490116,0.300000011920929,0.300000011920929,0.100000001490116,61,0,1,1,1,1,"Democrat",1.90909090909091,3.125,1,4,4,4.10000000149012,4.30000001192093,0
"251",1966,2,"Lyndon B. Johnson",0,0,0.600000023841858,0.100000001490116,0.300000011920929,0.300000011920929,56,0,1,1,1,1,"Democrat",2.625,1.90909090909091,0,3.79999995231628,4,4.39999997615814,4.10000000149012,0
"252",1966,3,"Lyndon B. Johnson",1,0,0.300000011920929,0.600000023841858,0.100000001490116,0.300000011920929,57.5,0,1,1,1,1,"Democrat",1.59259259259259,2.625,0,3.79999995231628,3.79999995231628,4.09999996423721,4.39999997615814,0
"253",1966,4,"Lyndon B. Johnson",0,0,0.300000011920929,0.300000011920929,0.600000023841858,0.100000001490116,54,0,1,1,1,1,"Democrat",1.58823529411765,1.59259259259259,1,3.79999995231628,3.79999995231628,4.09999996423721,4.09999996423721,0
"254",1966,5,"Lyndon B. Johnson",0,0,0.200000002980232,0.300000011920929,0.300000011920929,0.600000023841858,48,0,1,1,1,1,"Democrat",2.27272727272727,1.58823529411765,0,3.90000009536743,3.79999995231628,4.10000009834766,4.09999996423721,0
"255",1966,6,"Lyndon B. Johnson",0,0,0.100000001490116,0.200000002980232,0.300000011920929,0.300000011920929,48,0,1,1,1,1,"Democrat",1.79411764705882,2.27272727272727,0,3.79999995231628,3.90000009536743,3.8999999538064,4.10000009834766,0
"256",1966,7,"Lyndon B. Johnson",1,1,0.200000002980232,0.100000001490116,0.200000002980232,0.300000011920929,53.5,0,1,1,1,1,"Democrat",2.43478260869565,1.79411764705882,0,3.79999995231628,3.79999995231628,3.99999995529652,3.8999999538064,0
"257",1966,8,"Lyndon B. Johnson",0,0,0.600000023841858,0.200000002980232,0.100000001490116,0.200000002980232,47,0,1,1,1,1,"Democrat",2.22857142857143,2.43478260869565,1,3.79999995231628,3.79999995231628,4.39999997615814,3.99999995529652,0
"258",1966,9,"Lyndon B. Johnson",0,0,0.300000011920929,0.600000023841858,0.200000002980232,0.100000001490116,46,0,1,1,1,1,"Democrat",1.93181818181818,2.22857142857143,0,3.70000004768372,3.79999995231628,4.00000005960464,4.39999997615814,0
"259",1966,10,"Lyndon B. Johnson",0,0,0.300000011920929,0.300000011920929,0.600000023841858,0.200000002980232,44,0,1,1,1,1,"Democrat",2.74074074074074,1.93181818181818,0,3.70000004768372,3.70000004768372,4.00000005960464,4.00000005960464,0
"260",1966,11,"Lyndon B. Johnson",0,0,0.100000001490116,0.300000011920929,0.300000011920929,0.600000023841858,49,0,1,1,1,1,"Democrat",2.53846153846154,2.74074074074074,0,3.59999990463257,3.70000004768372,3.69999990612268,4.00000005960464,0
"261",1966,12,"Lyndon B. Johnson",0,0,0.100000001490116,0.100000001490116,0.300000011920929,0.300000011920929,44,0,1,1,1,1,"Democrat",2.83333333333333,2.53846153846154,0,3.79999995231628,3.59999990463257,3.8999999538064,3.69999990612268,0
"262",1967,1,"Lyndon B. Johnson",1,1,-0.100000001490116,0.100000001490116,0.100000001490116,0.300000011920929,46.5,0,1,1,1,1,"Democrat",1.81818181818182,2.83333333333333,0,3.90000009536743,3.79999995231628,3.80000009387732,3.8999999538064,0
"263",1967,2,"Lyndon B. Johnson",1,1,0.300000011920929,-0.100000001490116,0.100000001490116,0.100000001490116,45,0,1,1,1,1,"Democrat",2.06666666666667,1.81818181818182,1,3.79999995231628,3.90000009536743,4.09999996423721,3.80000009387732,0
"264",1967,3,"Lyndon B. Johnson",2,1,0,0.300000011920929,-0.100000001490116,0.100000001490116,45.5,0,1,1,1,1,"Democrat",2.86666666666667,2.06666666666667,1,3.79999995231628,3.79999995231628,3.79999995231628,4.09999996423721,0
"265",1967,4,"Lyndon B. Johnson",0,1,0.300000011920929,0,0.300000011920929,-0.100000001490116,48,0,1,1,1,1,"Democrat",2.33333333333333,2.86666666666667,2,3.79999995231628,3.79999995231628,4.09999996423721,3.79999995231628,0
"266",1967,5,"Lyndon B. Johnson",1,1,0,0.300000011920929,0,0.300000011920929,45,0,1,1,1,1,"Democrat",1.70833333333333,2.33333333333333,0,3.79999995231628,3.79999995231628,3.79999995231628,4.09999996423721,0
"267",1967,6,"Lyndon B. Johnson",1,0,0.600000023841858,0,0.300000011920929,0,47.5,0,1,1,1,1,"Democrat",2.68965517241379,1.70833333333333,1,3.90000009536743,3.79999995231628,4.50000011920929,3.79999995231628,0
"268",1967,7,"Lyndon B. Johnson",1,0,0.300000011920929,0.600000023841858,0,0.300000011920929,47,0,1,1,1,1,"Democrat",1.6,2.68965517241379,1,3.79999995231628,3.90000009536743,4.09999996423721,4.50000011920929,0
"269",1967,8,"Lyndon B. Johnson",0,0,0.300000011920929,0.300000011920929,0.600000023841858,0,39.5,0,1,1,1,1,"Democrat",2.6,1.6,1,3.79999995231628,3.79999995231628,4.09999996423721,4.09999996423721,0
"270",1967,9,"Lyndon B. Johnson",0,0,0.300000011920929,0.300000011920929,0.300000011920929,0.600000023841858,38,0,1,1,1,1,"Democrat",2.20833333333333,2.6,0,3.79999995231628,3.79999995231628,4.09999996423721,4.09999996423721,0
"271",1967,10,"Lyndon B. Johnson",0,0,0.300000011920929,0.300000011920929,0.300000011920929,0.300000011920929,39.5,0,1,1,1,1,"Democrat",1.65217391304348,2.20833333333333,0,4,3.79999995231628,4.30000001192093,4.09999996423721,0
"272",1967,11,"Lyndon B. Johnson",0,0,0.600000023841858,0.300000011920929,0.300000011920929,0.300000011920929,42,0,1,1,1,1,"Democrat",1.70833333333333,1.65217391304348,0,3.90000009536743,4,4.50000011920929,4.30000001192093,0
"273",1967,12,"Lyndon B. Johnson",0,0,0.300000011920929,0.600000023841858,0.300000011920929,0.300000011920929,46,0,1,1,1,1,"Democrat",2.23333333333333,1.70833333333333,0,3.79999995231628,3.90000009536743,4.09999996423721,4.50000011920929,0
"274",1968,1,"Lyndon B. Johnson",2,2,0.300000011920929,0.300000011920929,0.600000023841858,0.300000011920929,48,1,1,1,1,1,"Democrat",1.8125,2.23333333333333,0,3.70000004768372,3.79999995231628,4.00000005960464,4.09999996423721,0
"275",1968,2,"Lyndon B. Johnson",1,1,0.300000011920929,0.300000011920929,0.300000011920929,0.600000023841858,41,1,1,1,1,1,"Democrat",2.37037037037037,1.8125,2,3.79999995231628,3.70000004768372,4.09999996423721,4.00000005960464,0
"276",1968,3,"Lyndon B. Johnson",0,0,0.300000011920929,0.300000011920929,0.300000011920929,0.300000011920929,36,1,1,1,1,1,"Democrat",2,2.37037037037037,1,3.70000004768372,3.79999995231628,4.00000005960464,4.09999996423721,0
"277",1968,4,"Lyndon B. Johnson",0,0,0.300000011920929,0.300000011920929,0.300000011920929,0.300000011920929,50,1,1,1,1,1,"Democrat",2.10344827586207,2,0,3.5,3.70000004768372,3.80000001192093,4.00000005960464,0
"278",1968,5,"Lyndon B. Johnson",0,0,0.300000011920929,0.300000011920929,0.300000011920929,0.300000011920929,43.5,1,1,1,1,1,"Democrat",2.24324324324324,2.10344827586207,0,3.5,3.5,3.80000001192093,3.80000001192093,0
"279",1968,6,"Lyndon B. Johnson",0,1,0.600000023841858,0.300000011920929,0.300000011920929,0.300000011920929,41,1,1,1,1,1,"Democrat",2.40909090909091,2.24324324324324,0,3.70000004768372,3.5,4.30000007152557,3.80000001192093,0
"280",1968,7,"Lyndon B. Johnson",0,0,0.600000023841858,0.600000023841858,0.300000011920929,0.300000011920929,40,1,1,1,1,1,"Democrat",1.42424242424242,2.40909090909091,0,3.70000004768372,3.70000004768372,4.30000007152557,4.30000007152557,0
"281",1968,8,"Lyndon B. Johnson",0,0,0.300000011920929,0.600000023841858,0.600000023841858,0.300000011920929,35,1,1,1,1,1,"Democrat",2.2,1.42424242424242,0,3.5,3.70000004768372,3.80000001192093,4.30000007152557,0
"282",1968,9,"Lyndon B. Johnson",0,0,0.300000011920929,0.300000011920929,0.600000023841858,0.600000023841858,42,1,1,1,1,1,"Democrat",1.9375,2.2,0,3.40000009536743,3.5,3.70000010728836,3.80000001192093,0
"283",1968,10,"Lyndon B. Johnson",0,0,0.600000023841858,0.300000011920929,0.300000011920929,0.600000023841858,NA,1,1,1,1,1,"Democrat",2.08108108108108,1.9375,0,3.40000009536743,3.40000009536743,4.00000011920929,3.70000010728836,0
"284",1968,11,"Lyndon B. Johnson",0,0,0.300000011920929,0.600000023841858,0.300000011920929,0.300000011920929,43,1,1,1,1,1,"Democrat",1.55555555555556,2.08108108108108,0,3.40000009536743,3.40000009536743,3.70000010728836,4.00000011920929,0
"285",1968,12,"Lyndon B. Johnson",0,0,0.600000023841858,0.300000011920929,0.600000023841858,0.300000011920929,44,1,1,1,1,1,"Democrat",1.19047619047619,1.55555555555556,0,3.40000009536743,3.40000009536743,4.00000011920929,3.70000010728836,0
"286",1969,1,"Lyndon B. Johnson",0,0,0.300000011920929,0.600000023841858,0.300000011920929,0.600000023841858,49,0,1,0,1,1,"Democrat",1.5,1.19047619047619,0,3.40000009536743,3.40000009536743,3.70000010728836,4.00000011920929,0
"287",1969,2,"Richard Nixon",1,1,0.300000011920929,0.300000011920929,0.600000023841858,0.300000011920929,60,0,0,0,0,1,"Republican",1.75,NA,NA,3.40000009536743,3.40000009536743,3.70000010728836,NA,0
"288",1969,3,"Richard Nixon",0,0,0.800000011920929,0.300000011920929,0.300000011920929,0.600000023841858,64,0,0,0,0,1,"Republican",1.79310344827586,1.75,1,3.40000009536743,3.40000009536743,4.20000010728836,3.70000010728836,0
"289",1969,4,"Richard Nixon",1,0,0.600000023841858,0.800000011920929,0.300000011920929,0.300000011920929,61,0,0,0,0,1,"Republican",1.92307692307692,1.79310344827586,0,3.40000009536743,3.40000009536743,4.00000011920929,4.20000010728836,0
"290",1969,5,"Richard Nixon",0,0,0.300000011920929,0.600000023841858,0.800000011920929,0.300000011920929,63,0,0,0,0,1,"Republican",1.76923076923077,1.92307692307692,1,3.40000009536743,3.40000009536743,3.70000010728836,4.00000011920929,0
"291",1969,6,"Richard Nixon",0,0,0.5,0.300000011920929,0.600000023841858,0.800000011920929,63,0,0,0,0,1,"Republican",1.9,1.76923076923077,0,3.5,3.40000009536743,4,3.70000010728836,0
"292",1969,7,"Richard Nixon",0,0,0.5,0.5,0.300000011920929,0.600000023841858,61.5,0,0,0,0,1,"Republican",2.28571428571429,1.9,0,3.5,3.5,4,4,0
"293",1969,8,"Richard Nixon",0,0,0.300000011920929,0.5,0.5,0.300000011920929,62,0,0,0,0,1,"Republican",1.96,2.28571428571429,0,3.5,3.5,3.80000001192093,4,0
"294",1969,9,"Richard Nixon",1,1,0.5,0.300000011920929,0.5,0.5,59,0,0,0,0,1,"Republican",1.95454545454545,1.96,0,3.70000004768372,3.5,4.20000004768372,3.80000001192093,0
"295",1969,10,"Richard Nixon",0,0,0.5,0.5,0.300000011920929,0.5,56.5,0,0,0,0,1,"Republican",1.63157894736842,1.95454545454545,1,3.70000004768372,3.70000004768372,4.20000004768372,4.20000004768372,0
"296",1969,11,"Richard Nixon",0,0,0.5,0.5,0.5,0.300000011920929,67,0,0,0,0,1,"Republican",1.88888888888889,1.63157894736842,0,3.5,3.70000004768372,4,4.20000004768372,0
"297",1969,12,"Richard Nixon",0,0,0.5,0.5,0.5,0.5,59,0,0,0,0,1,"Republican",1.45,1.88888888888889,0,3.5,3.5,4,4,0
"298",1970,1,"Richard Nixon",0,0,0.5,0.5,0.5,0.5,62.6666679382324,0,0,0,0,1,"Republican",1.15384615384615,1.45,0,3.90000009536743,3.5,4.40000009536743,4,0
"299",1970,2,"Richard Nixon",0,0,0.5,0.5,0.5,0.5,56,0,0,0,0,1,"Republican",1.45,1.15384615384615,0,4.19999980926514,3.90000009536743,4.69999980926514,4.40000009536743,0
"300",1970,3,"Richard Nixon",0,0,0.5,0.5,0.5,0.5,54,0,0,0,0,1,"Republican",2.11111111111111,1.45,0,4.40000009536743,4.19999980926514,4.90000009536743,4.69999980926514,0
"301",1970,4,"Richard Nixon",1,0,0.5,0.5,0.5,0.5,56.5,0,0,0,0,1,"Republican",1.61111111111111,2.11111111111111,0,4.59999990463257,4.40000009536743,5.09999990463257,4.90000009536743,0
"302",1970,5,"Richard Nixon",0,0,0.300000011920929,0.5,0.5,0.5,59,0,0,0,0,1,"Republican",1.88888888888889,1.61111111111111,1,4.80000019073486,4.59999990463257,5.10000020265579,5.09999990463257,0
"303",1970,6,"Richard Nixon",0,1,0.5,0.300000011920929,0.5,0.5,55,0,0,0,0,1,"Republican",1.4,1.88888888888889,0,4.90000009536743,4.80000019073486,5.40000009536743,5.10000020265579,0
"304",1970,7,"Richard Nixon",0,0,0.300000011920929,0.5,0.300000011920929,0.5,58,0,0,0,0,1,"Republican",1.85,1.4,0,5,4.90000009536743,5.30000001192093,5.40000009536743,0
"305",1970,8,"Richard Nixon",0,0,0.300000011920929,0.300000011920929,0.5,0.300000011920929,55,0,0,0,0,1,"Republican",1.33333333333333,1.85,0,5.09999990463257,5,5.3999999165535,5.30000001192093,0
"306",1970,9,"Richard Nixon",1,0,0.5,0.300000011920929,0.300000011920929,0.5,54,0,0,0,0,1,"Republican",2.55555555555556,1.33333333333333,0,5.40000009536743,5.09999990463257,5.90000009536743,5.3999999165535,0
"307",1970,10,"Richard Nixon",1,1,0.5,0.5,0.300000011920929,0.300000011920929,58,0,0,0,0,1,"Republican",2.19402985074627,2.55555555555556,1,5.5,5.40000009536743,6,5.90000009536743,0
"308",1970,11,"Richard Nixon",0,0,0.5,0.5,0.5,0.300000011920929,57,0,0,0,0,1,"Republican",2.2,2.19402985074627,1,5.90000009536743,5.5,6.40000009536743,6,0
"309",1970,12,"Richard Nixon",0,0,0.5,0.5,0.5,0.5,52,0,0,0,0,1,"Republican",1.5625,2.2,0,6.09999990463257,5.90000009536743,6.59999990463257,6.40000009536743,0
"310",1971,1,"Richard Nixon",1,1,0.300000011920929,0.5,0.5,0.5,56,0,0,0,0,1,"Republican",1.2,1.5625,0,5.90000009536743,6.09999990463257,6.20000010728836,6.59999990463257,0
"311",1971,2,"Richard Nixon",1,2,0,0.300000011920929,0.5,0.5,49,0,0,0,0,1,"Republican",2.41176470588235,1.2,1,5.90000009536743,5.90000009536743,5.90000009536743,6.20000010728836,0
"312",1971,3,"Richard Nixon",1,0,0.300000011920929,0,0.300000011920929,0.5,50,0,0,0,0,1,"Republican",1.72222222222222,2.41176470588235,1,6,5.90000009536743,6.30000001192093,5.90000009536743,0
"313",1971,4,"Richard Nixon",0,0,0.300000011920929,0.300000011920929,0,0.300000011920929,49.5,0,0,0,0,1,"Republican",2.88888888888889,1.72222222222222,1,5.90000009536743,6,6.20000010728836,6.30000001192093,0
"314",1971,5,"Richard Nixon",0,0,0.5,0.300000011920929,0.300000011920929,0,50,0,0,0,0,1,"Republican",2,2.88888888888889,0,5.90000009536743,5.90000009536743,6.40000009536743,6.20000010728836,0
"315",1971,6,"Richard Nixon",0,0,0.5,0.5,0.300000011920929,0.300000011920929,48,0,0,0,0,1,"Republican",1.73333333333333,2,0,5.90000009536743,5.90000009536743,6.40000009536743,6.40000009536743,0
"316",1971,7,"Richard Nixon",0,0,0.200000002980232,0.5,0.5,0.300000011920929,50,0,0,0,0,1,"Republican",1.7,1.73333333333333,0,6,5.90000009536743,6.20000000298023,6.40000009536743,0
"317",1971,8,"Richard Nixon",0,0,0.200000002980232,0.200000002980232,0.5,0.5,49,0,0,0,0,1,"Republican",2.21428571428571,1.7,0,6.09999990463257,6,6.2999999076128,6.20000000298023,0
"318",1971,9,"Richard Nixon",0,0,0.200000002980232,0.200000002980232,0.200000002980232,0.5,NA,0,0,0,0,1,"Republican",2.35294117647059,2.21428571428571,0,6,6.09999990463257,6.20000000298023,6.2999999076128,0
"319",1971,10,"Richard Nixon",0,0,0.200000002980232,0.200000002980232,0.200000002980232,0.200000002980232,50.5,0,0,0,0,1,"Republican",1.71428571428571,2.35294117647059,0,5.80000019073486,6,6.0000001937151,6.20000000298023,0
"320",1971,11,"Richard Nixon",0,0,0.200000002980232,0.200000002980232,0.200000002980232,0.200000002980232,NA,0,0,0,0,1,"Republican",2.53846153846154,1.71428571428571,0,6,5.80000019073486,6.20000000298023,6.0000001937151,0
"321",1971,12,"Richard Nixon",0,0,0.200000002980232,0.200000002980232,0.200000002980232,0.200000002980232,50,0,0,0,0,1,"Republican",1.52631578947368,2.53846153846154,0,6,6,6.20000000298023,6.20000000298023,0
"322",1972,1,"Richard Nixon",1,1,0.200000002980232,0.200000002980232,0.200000002980232,0.200000002980232,49,1,0,0,0,1,"Republican",1.66666666666667,1.52631578947368,0,5.80000019073486,6,6.0000001937151,6.20000000298023,0
"323",1972,2,"Richard Nixon",0,0,0.5,0.200000002980232,0.200000002980232,0.200000002980232,52,1,0,0,0,1,"Republican",1.93333333333333,1.66666666666667,1,5.69999980926514,5.80000019073486,6.19999980926514,6.0000001937151,0
"324",1972,3,"Richard Nixon",0,0,0,0.5,0.200000002980232,0.200000002980232,54.5,1,0,0,0,1,"Republican",2.125,1.93333333333333,0,5.80000019073486,5.69999980926514,5.80000019073486,6.19999980926514,0
"325",1972,4,"Richard Nixon",0,0,0.200000002980232,0,0.5,0.200000002980232,54,1,0,0,0,1,"Republican",2,2.125,0,5.69999980926514,5.80000019073486,5.89999981224537,5.80000019073486,0
"326",1972,5,"Richard Nixon",0,0,0.200000002980232,0.200000002980232,0,0.5,62,1,0,0,0,1,"Republican",2.8,2,0,5.69999980926514,5.69999980926514,5.89999981224537,5.89999981224537,0
"327",1972,6,"Richard Nixon",0,0,0.200000002980232,0.200000002980232,0.200000002980232,0,57.5,1,0,0,0,1,"Republican",2.63636363636364,2.8,0,5.69999980926514,5.69999980926514,5.89999981224537,5.89999981224537,0
"328",1972,7,"Richard Nixon",0,0,0.200000002980232,0.200000002980232,0.200000002980232,0.200000002980232,NA,1,0,0,0,1,"Republican",2,2.63636363636364,0,5.59999990463257,5.69999980926514,5.7999999076128,5.89999981224537,0
"329",1972,8,"Richard Nixon",1,1,0.200000002980232,0.200000002980232,0.200000002980232,0.200000002980232,NA,1,0,0,0,1,"Republican",2.18181818181818,2,0,5.59999990463257,5.59999990463257,5.7999999076128,5.7999999076128,0
"330",1972,9,"Richard Nixon",0,0,0.5,0.200000002980232,0.200000002980232,0.200000002980232,NA,1,0,0,0,1,"Republican",2.15789473684211,2.18181818181818,1,5.5,5.59999990463257,6,5.7999999076128,0
"331",1972,10,"Richard Nixon",0,0,0.200000002980232,0.5,0.200000002980232,0.200000002980232,NA,1,0,0,0,1,"Republican",1.96428571428571,2.15789473684211,0,5.59999990463257,5.5,5.7999999076128,6,0
"332",1972,11,"Richard Nixon",1,1,0.5,0.200000002980232,0.5,0.200000002980232,62,1,0,0,0,1,"Republican",2.5625,1.96428571428571,0,5.30000019073486,5.59999990463257,5.80000019073486,5.7999999076128,0
"333",1972,12,"Richard Nixon",0,0,0.200000002980232,0.5,0.200000002980232,0.5,59,1,0,0,0,1,"Republican",NA,2.5625,1,5.19999980926514,5.30000019073486,5.39999981224537,5.80000019073486,0
"334",1973,1,"Richard Nixon",0,0,0.5,0.200000002980232,0.5,0.200000002980232,59,0,0,0,0,1,"Republican",3.16666666666667,NA,0,4.90000009536743,5.19999980926514,5.40000009536743,5.39999981224537,0
"335",1973,2,"Richard Nixon",0,0,0.699999988079071,0.5,0.200000002980232,0.5,65,0,1,0,0,1,"Republican",1.69565217391304,3.16666666666667,0,5,4.90000009536743,5.69999998807907,5.40000009536743,0
"336",1973,3,"Richard Nixon",1,1,0.899999976158142,0.699999988079071,0.5,0.200000002980232,57,0,1,0,0,1,"Republican",2.22222222222222,1.69565217391304,0,4.90000009536743,5,5.80000007152557,5.69999998807907,0
"337",1973,4,"Richard Nixon",0,0,0.699999988079071,0.899999976158142,0.699999988079071,0.5,51,0,1,0,0,1,"Republican",2.28571428571429,2.22222222222222,1,5,4.90000009536743,5.69999998807907,5.80000007152557,0
"338",1973,5,"Richard Nixon",0,0,0.5,0.699999988079071,0.899999976158142,0.699999988079071,44.5,0,1,0,0,1,"Republican",2.58333333333333,2.28571428571429,0,4.90000009536743,5,5.40000009536743,5.69999998807907,0
"339",1973,6,"Richard Nixon",0,0,0.699999988079071,0.5,0.699999988079071,0.899999976158142,44,0,1,0,0,1,"Republican",3.9,2.58333333333333,0,4.90000009536743,4.90000009536743,5.6000000834465,5.40000009536743,0
"340",1973,7,"Richard Nixon",0,0,0,0.699999988079071,0.5,0.699999988079071,39,0,1,0,0,1,"Republican",2.66666666666667,3.9,0,4.80000019073486,4.90000009536743,4.80000019073486,5.6000000834465,0
"341",1973,8,"Richard Nixon",0,0,1.79999995231628,0,0.699999988079071,0.5,33.5,0,1,0,0,1,"Republican",5,2.66666666666667,0,4.80000019073486,4.80000019073486,6.60000014305115,4.80000019073486,0
"342",1973,9,"Richard Nixon",1,0,0.400000005960464,1.79999995231628,0,0.699999988079071,33.5,0,1,0,0,1,"Republican",1.9,5,0,4.80000019073486,4.80000019073486,5.20000019669533,6.60000014305115,0
"343",1973,10,"Richard Nixon",1,1,0.899999976158142,0.400000005960464,1.79999995231628,0,28.5,0,1,0,0,1,"Republican",3,1.9,1,4.59999990463257,4.80000019073486,5.49999988079071,5.20000019669533,0
"344",1973,11,"Richard Nixon",0,0,0.699999988079071,0.899999976158142,0.400000005960464,1.79999995231628,29,0,1,0,0,1,"Republican",1.92307692307692,3,1,4.80000019073486,4.59999990463257,5.50000017881393,5.49999988079071,0
"345",1973,12,"Richard Nixon",0,0,0.899999976158142,0.699999988079071,0.899999976158142,0.400000005960464,29,0,1,0,0,1,"Republican",1.55555555555556,1.92307692307692,0,4.90000009536743,4.80000019073486,5.80000007152557,5.50000017881393,0
"346",1974,1,"Richard Nixon",0,0,1.10000002384186,0.899999976158142,0.699999988079071,0.899999976158142,26.5,0,1,0,0,1,"Republican",2.5,1.55555555555556,0,5.09999990463257,4.90000009536743,6.19999992847443,5.80000007152557,0
"347",1974,2,"Richard Nixon",1,1,1.10000002384186,1.10000002384186,0.899999976158142,0.699999988079071,26.6666660308838,0,1,0,0,1,"Republican",2.28571428571429,2.5,0,5.19999980926514,5.09999990463257,6.299999833107,6.19999992847443,0
"348",1974,3,"Richard Nixon",0,0,1.10000002384186,1.10000002384186,1.10000002384186,0.899999976158142,26,0,1,0,0,1,"Republican",2.0625,2.28571428571429,1,5.09999990463257,5.19999980926514,6.19999992847443,6.299999833107,0
"349",1974,4,"Richard Nixon",0,0,0.600000023841858,1.10000002384186,1.10000002384186,1.10000002384186,25.5,0,1,0,0,1,"Republican",2.08333333333333,2.0625,0,5.09999990463257,5.09999990463257,5.69999992847443,6.19999992847443,0
"350",1974,5,"Richard Nixon",0,0,1,0.600000023841858,1.10000002384186,1.10000002384186,26,0,1,0,0,1,"Republican",2.46666666666667,2.08333333333333,0,5.09999990463257,5.09999990463257,6.09999990463257,5.69999992847443,0
"351",1974,6,"Richard Nixon",0,0,0.800000011920929,1,0.600000023841858,1.10000002384186,27,0,1,0,0,1,"Republican",3.42307692307692,2.46666666666667,0,5.40000009536743,5.09999990463257,6.20000010728836,6.09999990463257,0
"352",1974,7,"Richard Nixon",0,0,0.600000023841858,0.800000011920929,1,0.600000023841858,24,0,1,0,0,1,"Republican",2.41666666666667,3.42307692307692,0,5.5,5.40000009536743,6.10000002384186,6.20000010728836,0
"353",1974,8,"Richard Nixon",0,0,1.20000004768372,0.600000023841858,0.800000011920929,1,24,0,1,0,0,1,"Republican",1.3,2.41666666666667,0,5.5,5.5,6.70000004768372,6.10000002384186,0
"354",1974,9,"Gerald Ford",0,0,1.39999997615814,1.20000004768372,0.600000023841858,0.800000011920929,58,0,0,0,0,1,"Republican",1.6,NA,NA,5.90000009536743,5.5,7.30000007152557,NA,0
"355",1974,10,"Gerald Ford",0,0,0.800000011920929,1.39999997615814,1.20000004768372,0.600000023841858,53,0,0,0,0,1,"Republican",1.61224489795918,1.6,0,6,5.90000009536743,6.80000001192093,7.30000007152557,0
"356",1974,11,"Gerald Ford",0,0,1,0.800000011920929,1.39999997615814,1.20000004768372,47.5,0,0,0,0,1,"Republican",2,1.61224489795918,0,6.59999990463257,6,7.59999990463257,6.80000001192093,0
"357",1974,12,"Gerald Ford",0,0,0.800000011920929,1,0.800000011920929,1.39999997615814,42,0,0,0,0,1,"Republican",1.8,2,0,7.19999980926514,6.59999990463257,7.99999982118607,7.59999990463257,0
"358",1975,1,"Gerald Ford",0,0,0.800000011920929,0.800000011920929,1,0.800000011920929,38,0,0,0,0,1,"Republican",1.5,1.8,0,8.10000038146973,7.19999980926514,8.90000039339066,7.99999982118607,0
"359",1975,2,"Gerald Ford",1,0,0.600000023841858,0.800000011920929,0.800000011920929,1,39,0,0,0,0,1,"Republican",1.75862068965517,1.5,0,8.10000038146973,8.10000038146973,8.70000040531158,8.90000039339066,0
"360",1975,3,"Gerald Ford",0,0,0.400000005960464,0.600000023841858,0.800000011920929,0.800000011920929,37.5,0,0,0,0,1,"Republican",1.5,1.75862068965517,1,8.60000038146973,8.10000038146973,9.00000038743019,8.70000040531158,0
"361",1975,4,"Gerald Ford",0,0,0.400000005960464,0.400000005960464,0.600000023841858,0.800000011920929,41.5,0,0,0,0,1,"Republican",2.05555555555556,1.5,0,8.80000019073486,8.60000038146973,9.20000019669533,9.00000038743019,0
"362",1975,5,"Gerald Ford",1,1,0.200000002980232,0.400000005960464,0.400000005960464,0.600000023841858,45.5,0,0,0,0,1,"Republican",2.07142857142857,2.05555555555556,0,9,8.80000019073486,9.20000000298023,9.20000019669533,0
"363",1975,6,"Gerald Ford",0,0,0.800000011920929,0.200000002980232,0.400000005960464,0.400000005960464,52,0,0,0,0,1,"Republican",2.02777777777778,2.07142857142857,1,8.80000019073486,9,9.60000020265579,9.20000000298023,0
"364",1975,7,"Gerald Ford",0,0,0.899999976158142,0.800000011920929,0.200000002980232,0.400000005960464,NA,0,0,0,0,1,"Republican",1.63636363636364,2.02777777777778,0,8.60000038146973,8.80000019073486,9.50000035762787,9.60000020265579,0
"365",1975,8,"Gerald Ford",0,0,0.400000005960464,0.899999976158142,0.800000011920929,0.200000002980232,45.5,0,0,0,0,1,"Republican",1.70731707317073,1.63636363636364,0,8.39999961853027,8.60000038146973,8.79999962449074,9.50000035762787,0
"366",1975,9,"Gerald Ford",0,0,0.699999988079071,0.400000005960464,0.899999976158142,0.800000011920929,45,0,0,0,0,1,"Republican",1.51724137931034,1.70731707317073,0,8.39999961853027,8.39999961853027,9.09999960660934,8.79999962449074,0
"367",1975,10,"Gerald Ford",0,0,0.5,0.699999988079071,0.400000005960464,0.899999976158142,46,0,0,0,0,1,"Republican",1.76470588235294,1.51724137931034,0,8.39999961853027,8.39999961853027,8.89999961853027,9.09999960660934,0
"368",1975,11,"Gerald Ford",0,0,0.699999988079071,0.5,0.699999988079071,0.400000005960464,41,0,0,0,0,1,"Republican",2.4,1.76470588235294,0,8.30000019073486,8.39999961853027,9.00000017881393,8.89999961853027,0
"369",1975,12,"Gerald Ford",0,0,0.5,0.699999988079071,0.5,0.699999988079071,42.5,0,0,0,0,1,"Republican",2.27777777777778,2.4,0,8.19999980926514,8.30000019073486,8.69999980926514,9.00000017881393,0
"370",1976,1,"Gerald Ford",1,1,0.400000005960464,0.5,0.699999988079071,0.5,45.6666679382324,1,0,0,0,1,"Republican",1.88888888888889,2.27777777777778,0,7.90000009536743,8.19999980926514,8.3000001013279,8.69999980926514,0
"371",1976,2,"Gerald Ford",0,0,0.200000002980232,0.400000005960464,0.5,0.699999988079071,48,1,0,0,0,1,"Republican",1.62025316455696,1.88888888888889,1,7.69999980926514,7.90000009536743,7.89999981224537,8.3000001013279,0
"372",1976,3,"Gerald Ford",0,0,0.200000002980232,0.200000002980232,0.400000005960464,0.5,50,1,0,0,0,1,"Republican",1.65822784810127,1.62025316455696,0,7.59999990463257,7.69999980926514,7.7999999076128,7.89999981224537,0
"373",1976,4,"Gerald Ford",0,0,0.200000002980232,0.200000002980232,0.200000002980232,0.400000005960464,48,1,0,0,0,1,"Republican",1.81308411214953,1.65822784810127,0,7.69999980926514,7.59999990463257,7.89999981224537,7.7999999076128,0
"374",1976,5,"Gerald Ford",0,0,0.5,0.200000002980232,0.200000002980232,0.200000002980232,47,1,0,0,0,1,"Republican",1.67676767676768,1.81308411214953,0,7.40000009536743,7.69999980926514,7.90000009536743,7.89999981224537,0
"375",1976,6,"Gerald Ford",1,0,0.5,0.5,0.200000002980232,0.200000002980232,45,1,0,0,0,1,"Republican",1.52631578947368,1.67676767676768,0,7.59999990463257,7.40000009536743,8.09999990463257,7.90000009536743,0
"376",1976,7,"Gerald Ford",0,0,0.5,0.5,0.5,0.200000002980232,NA,1,0,0,0,1,"Republican",1.39024390243902,1.52631578947368,1,7.80000019073486,7.59999990463257,8.30000019073486,8.09999990463257,0
"377",1976,8,"Gerald Ford",2,1,0.5,0.5,0.5,0.5,NA,1,0,0,0,1,"Republican",1.25,1.39024390243902,0,7.80000019073486,7.80000019073486,8.30000019073486,8.30000019073486,0
"378",1976,9,"Gerald Ford",0,0,0.5,0.5,0.5,0.5,NA,1,0,0,0,1,"Republican",1.43181818181818,1.25,2,7.59999990463257,7.80000019073486,8.09999990463257,8.30000019073486,0
"379",1976,10,"Gerald Ford",1,1,0.5,0.5,0.5,0.5,NA,1,0,0,0,1,"Republican",1.81730769230769,1.43181818181818,0,7.69999980926514,7.59999990463257,8.19999980926514,8.09999990463257,0
"380",1976,11,"Gerald Ford",0,0,0.300000011920929,0.5,0.5,0.5,NA,1,0,0,0,1,"Republican",1.28571428571429,1.81730769230769,1,7.80000019073486,7.69999980926514,8.10000020265579,8.19999980926514,0
"381",1976,12,"Gerald Ford",0,0,0.5,0.300000011920929,0.5,0.5,53,1,0,0,0,1,"Republican",1.5,1.28571428571429,0,7.80000019073486,7.80000019073486,8.30000019073486,8.10000020265579,0
"382",1977,1,"Gerald Ford",0,0,0.5,0.5,0.300000011920929,0.5,NA,0,0,1,0,1,"Republican",1.75,1.5,0,7.5,7.80000019073486,8,8.30000019073486,0
"383",1977,2,"Jimmy Carter",0,0,1,0.5,0.5,0.300000011920929,68.5,0,0,1,1,1,"Democrat",1.61538461538462,NA,NA,7.59999990463257,7.5,8.59999990463257,NA,0
"384",1977,3,"Jimmy Carter",0,0,0.5,1,0.5,0.5,72.3333358764648,0,0,1,1,1,"Democrat",2.75,1.61538461538462,0,7.40000009536743,7.59999990463257,7.90000009536743,8.59999990463257,0
"385",1977,4,"Jimmy Carter",3,2,0.699999988079071,0.5,1,0.5,64.3333358764648,0,0,1,1,1,"Democrat",2.44827586206897,2.75,0,7.19999980926514,7.40000009536743,7.89999979734421,7.90000009536743,0
"386",1977,5,"Jimmy Carter",0,0,0.300000011920929,0.699999988079071,0.5,1,65,0,0,1,1,1,"Democrat",2.77083333333333,2.44827586206897,3,7,7.19999980926514,7.30000001192093,7.89999979734421,0
"387",1977,6,"Jimmy Carter",0,0,0.5,0.300000011920929,0.699999988079071,0.5,63,0,0,1,1,1,"Democrat",2,2.77083333333333,0,7.19999980926514,7,7.69999980926514,7.30000001192093,0
"388",1977,7,"Jimmy Carter",0,0,0.5,0.5,0.300000011920929,0.699999988079071,64.5,0,0,1,1,1,"Democrat",2.68181818181818,2,0,6.90000009536743,7.19999980926514,7.40000009536743,7.69999980926514,0
"389",1977,8,"Jimmy Carter",0,0,0.5,0.5,0.5,0.300000011920929,63,0,0,1,1,1,"Democrat",2.16666666666667,2.68181818181818,0,7,6.90000009536743,7.5,7.40000009536743,0
"390",1977,9,"Jimmy Carter",0,0,0.300000011920929,0.5,0.5,0.5,56.5,0,0,1,1,1,"Democrat",2.0952380952381,2.16666666666667,0,6.80000019073486,7,7.10000020265579,7.5,0
"391",1977,10,"Jimmy Carter",0,0,0.5,0.300000011920929,0.5,0.5,53.3333320617676,0,0,1,1,1,"Democrat",3.2258064516129,2.0952380952381,0,6.80000019073486,6.80000019073486,7.30000019073486,7.10000020265579,0
"392",1977,11,"Jimmy Carter",0,0,0.600000023841858,0.5,0.300000011920929,0.5,55.5,0,0,1,1,1,"Democrat",2.22222222222222,3.2258064516129,0,6.80000019073486,6.80000019073486,7.40000021457672,7.30000019073486,0
"393",1977,12,"Jimmy Carter",0,0,0.5,0.600000023841858,0.5,0.300000011920929,57,0,0,1,1,1,"Democrat",2.64,2.22222222222222,0,6.40000009536743,6.80000019073486,6.90000009536743,7.40000021457672,0
"394",1978,1,"Jimmy Carter",0,0,0.600000023841858,0.5,0.600000023841858,0.5,53.5,0,0,1,1,1,"Democrat",2.8974358974359,2.64,0,6.40000009536743,6.40000009536743,7.00000011920929,6.90000009536743,0
"395",1978,2,"Jimmy Carter",0,0,0.5,0.600000023841858,0.5,0.600000023841858,48.5,0,0,1,1,1,"Democrat",2.06896551724138,2.8974358974359,0,6.30000019073486,6.40000009536743,6.80000019073486,7.00000011920929,0
"396",1978,3,"Jimmy Carter",0,0,0.600000023841858,0.5,0.600000023841858,0.5,49,0,0,1,1,1,"Democrat",2.85294117647059,2.06896551724138,0,6.30000019073486,6.30000019073486,6.90000021457672,6.80000019073486,0
"397",1978,4,"Jimmy Carter",0,0,0.800000011920929,0.600000023841858,0.5,0.600000023841858,40.5,0,0,1,1,1,"Democrat",2.51724137931034,2.85294117647059,0,6.09999990463257,6.30000019073486,6.8999999165535,6.90000021457672,0
"398",1978,5,"Jimmy Carter",1,0,0.899999976158142,0.800000011920929,0.600000023841858,0.5,42,0,0,1,1,1,"Democrat",2.07692307692308,2.51724137931034,0,6,6.09999990463257,6.89999997615814,6.8999999165535,0
"399",1978,6,"Jimmy Carter",0,0,0.800000011920929,0.899999976158142,0.800000011920929,0.600000023841858,43,0,0,1,1,1,"Democrat",2.05263157894737,2.07692307692308,1,5.90000009536743,6,6.70000010728836,6.89999997615814,0
"400",1978,7,"Jimmy Carter",0,0,0.800000011920929,0.800000011920929,0.899999976158142,0.800000011920929,39.5,0,0,1,1,1,"Democrat",2.69565217391304,2.05263157894737,0,6.19999980926514,5.90000009536743,6.99999982118607,6.70000010728836,0
"401",1978,8,"Jimmy Carter",0,0,0.600000023841858,0.800000011920929,0.800000011920929,0.899999976158142,40.6666679382324,0,0,1,1,1,"Democrat",1.61111111111111,2.69565217391304,0,5.90000009536743,6.19999980926514,6.50000011920929,6.99999982118607,0
"402",1978,9,"Jimmy Carter",0,0,0.899999976158142,0.600000023841858,0.800000011920929,0.800000011920929,45,0,0,1,1,1,"Democrat",2.31818181818182,1.61111111111111,0,6,5.90000009536743,6.89999997615814,6.50000011920929,0
"403",1978,10,"Jimmy Carter",0,0,0.899999976158142,0.899999976158142,0.600000023841858,0.800000011920929,49,0,0,1,1,1,"Democrat",1.85,2.31818181818182,0,5.80000019073486,6,6.700000166893,6.89999997615814,0
"404",1978,11,"Jimmy Carter",1,1,0.600000023841858,0.899999976158142,0.899999976158142,0.600000023841858,52,0,0,1,1,1,"Democrat",2.06666666666667,1.85,0,5.90000009536743,5.80000019073486,6.50000011920929,6.700000166893,0
"405",1978,12,"Jimmy Carter",0,0,0.600000023841858,0.600000023841858,0.899999976158142,0.899999976158142,50.5,0,0,1,1,1,"Democrat",2.58333333333333,2.06666666666667,1,6,5.90000009536743,6.60000002384186,6.50000011920929,0
"406",1979,1,"Jimmy Carter",0,0,0.899999976158142,0.600000023841858,0.600000023841858,0.899999976158142,46.5,0,0,1,1,1,"Democrat",2.76470588235294,2.58333333333333,0,5.90000009536743,6,6.80000007152557,6.60000002384186,0
"407",1979,2,"Jimmy Carter",0,0,1,0.899999976158142,0.600000023841858,0.600000023841858,39.5,0,0,1,1,1,"Democrat",2.96153846153846,2.76470588235294,0,5.90000009536743,5.90000009536743,6.90000009536743,6.80000007152557,0
"408",1979,3,"Jimmy Carter",1,0,1,1,0.899999976158142,0.600000023841858,42.6666679382324,0,0,1,1,1,"Democrat",3.89285714285714,2.96153846153846,0,5.80000019073486,5.90000009536743,6.80000019073486,6.90000009536743,0
"409",1979,4,"Jimmy Carter",0,0,1,1,1,0.899999976158142,40,0,0,1,1,1,"Democrat",2.14285714285714,3.89285714285714,1,5.80000019073486,5.80000019073486,6.80000019073486,6.80000019073486,0
"410",1979,5,"Jimmy Carter",0,0,1.10000002384186,1,1,1,34.5,0,0,1,1,1,"Democrat",1.90322580645161,2.14285714285714,0,5.59999990463257,5.80000019073486,6.69999992847443,6.80000019073486,0
"411",1979,6,"Jimmy Carter",1,0,1.10000002384186,1.10000002384186,1,1,28.6666660308838,0,0,1,1,1,"Democrat",3.21875,1.90322580645161,0,5.69999980926514,5.59999990463257,6.799999833107,6.69999992847443,0
"412",1979,7,"Jimmy Carter",0,0,1.10000002384186,1.10000002384186,1.10000002384186,1,29,0,0,1,1,1,"Democrat",1.46666666666667,3.21875,1,5.69999980926514,5.69999980926514,6.799999833107,6.799999833107,0
"413",1979,8,"Jimmy Carter",3,4,1,1.10000002384186,1.10000002384186,1.10000002384186,32.3333320617676,0,0,1,1,1,"Democrat",1.25925925925926,1.46666666666667,0,6,5.69999980926514,7,6.799999833107,0
"414",1979,9,"Jimmy Carter",0,0,0.899999976158142,1,1.10000002384186,1.10000002384186,31.5,0,0,1,1,1,"Democrat",1.8,1.25925925925926,3,5.90000009536743,6,6.80000007152557,7,0
"415",1979,10,"Jimmy Carter",0,0,1.10000002384186,0.899999976158142,1,1.10000002384186,30,0,0,1,1,1,"Democrat",1.94594594594595,1.8,0,6,5.90000009536743,7.10000002384186,6.80000007152557,0
"416",1979,11,"Jimmy Carter",1,2,1.10000002384186,1.10000002384186,0.899999976158142,1,40.3333320617676,0,0,1,1,1,"Democrat",2.76470588235294,1.94594594594595,0,5.90000009536743,6,7.00000011920929,7.10000002384186,0
"417",1979,12,"Jimmy Carter",0,0,1.20000004768372,1.10000002384186,1.10000002384186,0.899999976158142,54,0,0,1,1,1,"Democrat",3.41176470588235,2.76470588235294,1,6,5.90000009536743,7.20000004768372,7.00000011920929,0
"418",1980,1,"Jimmy Carter",0,0,1.39999997615814,1.20000004768372,1.10000002384186,1.10000002384186,57,1,0,1,1,1,"Democrat",2.79166666666667,3.41176470588235,0,6.30000019073486,6,7.700000166893,7.20000004768372,0
"419",1980,2,"Jimmy Carter",0,0,1.29999995231628,1.39999997615814,1.20000004768372,1.10000002384186,53.5,1,0,1,1,1,"Democrat",3.25,2.79166666666667,0,6.30000019073486,6.30000019073486,7.60000014305115,7.700000166893,0
"420",1980,3,"Jimmy Carter",1,1,1.39999997615814,1.29999995231628,1.39999997615814,1.20000004768372,41,1,0,1,1,1,"Democrat",2.1,3.25,0,6.30000019073486,6.30000019073486,7.700000166893,7.60000014305115,0
"421",1980,4,"Jimmy Carter",1,0,1,1.39999997615814,1.29999995231628,1.39999997615814,39,1,0,1,1,1,"Democrat",3.21875,2.1,1,6.90000009536743,6.30000019073486,7.90000009536743,7.700000166893,0
"422",1980,5,"Jimmy Carter",0,0,1,1,1.39999997615814,1.29999995231628,39.6666679382324,1,0,1,1,1,"Democrat",2.80555555555556,3.21875,1,7.5,6.90000009536743,8.5,7.90000009536743,0
"423",1980,6,"Jimmy Carter",0,0,1,1,1,1.39999997615814,31.5,1,0,1,1,1,"Democrat",2.84782608695652,2.80555555555556,0,7.59999990463257,7.5,8.59999990463257,8.5,0
"424",1980,7,"Jimmy Carter",0,0,0.100000001490116,1,1,1,33,1,0,1,1,1,"Democrat",2.02380952380952,2.84782608695652,0,7.80000019073486,7.59999990463257,7.90000019222498,8.59999990463257,0
"425",1980,8,"Jimmy Carter",0,0,0.699999988079071,0.100000001490116,1,1,32,1,0,1,1,1,"Democrat",1.5,2.02380952380952,0,7.69999980926514,7.80000019073486,8.39999979734421,7.90000019222498,0
"426",1980,9,"Jimmy Carter",0,0,0.800000011920929,0.699999988079071,0.100000001490116,1,37,1,0,1,1,1,"Democrat",2.375,1.5,0,7.5,7.69999980926514,8.30000001192093,8.39999979734421,0
"427",1980,10,"Jimmy Carter",1,1,1,0.800000011920929,0.699999988079071,0.100000001490116,NA,1,0,1,1,1,"Democrat",2.42105263157895,2.375,0,7.5,7.5,8.5,8.30000001192093,0
"428",1980,11,"Jimmy Carter",0,0,1.10000002384186,1,0.800000011920929,0.699999988079071,31,1,0,1,1,1,"Democrat",1.92857142857143,2.42105263157895,1,7.5,7.5,8.60000002384186,8.5,0
"429",1980,12,"Jimmy Carter",0,0,0.899999976158142,1.10000002384186,1,0.800000011920929,34,1,0,1,1,1,"Democrat",1.55555555555556,1.92857142857143,0,7.19999980926514,7.5,8.09999978542328,8.60000002384186,0
"430",1981,1,"Jimmy Carter",0,0,0.899999976158142,0.899999976158142,1.10000002384186,1,51,0,0,0,1,1,"Democrat",1.31578947368421,1.55555555555556,0,7.5,7.19999980926514,8.39999997615814,8.09999978542328,0
"431",1981,2,"Ronald Reagan",0,0,0.899999976158142,0.899999976158142,0.899999976158142,1.10000002384186,55,0,0,0,0,1,"Republican",2.18181818181818,NA,NA,7.40000009536743,7.5,8.30000007152557,NA,0
"432",1981,3,"Ronald Reagan",1,0,0.699999988079071,0.899999976158142,0.899999976158142,0.899999976158142,60,0,0,0,0,1,"Republican",1.62962962962963,2.18181818181818,0,7.40000009536743,7.40000009536743,8.1000000834465,8.30000007152557,0
"433",1981,4,"Ronald Reagan",0,0,0.600000023841858,0.699999988079071,0.899999976158142,0.899999976158142,67,0,0,0,0,1,"Republican",1.25,1.62962962962963,1,7.19999980926514,7.40000009536743,7.799999833107,8.1000000834465,0
"434",1981,5,"Ronald Reagan",1,1,0.699999988079071,0.600000023841858,0.699999988079071,0.899999976158142,68,0,0,0,0,1,"Republican",3.06666666666667,1.25,0,7.5,7.19999980926514,8.19999998807907,7.799999833107,0
"435",1981,6,"Ronald Reagan",0,0,0.899999976158142,0.699999988079071,0.600000023841858,0.699999988079071,58.6666679382324,0,0,0,0,1,"Republican",1.56,3.06666666666667,1,7.5,7.5,8.39999997615814,8.19999998807907,0
"436",1981,7,"Ronald Reagan",1,1,1.10000002384186,0.899999976158142,0.699999988079071,0.600000023841858,58.6666679382324,0,0,0,0,1,"Republican",1.25,1.56,0,7.19999980926514,7.5,8.299999833107,8.39999997615814,0
"437",1981,8,"Ronald Reagan",2,2,0.800000011920929,1.10000002384186,0.899999976158142,0.699999988079071,60,0,0,0,0,1,"Republican",2.45454545454545,1.25,1,7.40000009536743,7.19999980926514,8.20000010728836,8.299999833107,0
"438",1981,9,"Ronald Reagan",0,0,1,0.800000011920929,1.10000002384186,0.899999976158142,52,0,0,0,0,1,"Republican",1.78125,2.45454545454545,2,7.59999990463257,7.40000009536743,8.59999990463257,8.20000010728836,0
"439",1981,10,"Ronald Reagan",0,0,0.300000011920929,1,0.800000011920929,1.10000002384186,54.5,0,0,0,0,1,"Republican",2.28947368421053,1.78125,0,7.90000009536743,7.59999990463257,8.20000010728836,8.59999990463257,0
"440",1981,11,"Ronald Reagan",0,0,0.400000005960464,0.300000011920929,1,0.800000011920929,51.5,0,0,0,0,1,"Republican",1.86666666666667,2.28947368421053,0,8.30000019073486,7.90000009536743,8.70000019669533,8.20000010728836,0
"441",1981,12,"Ronald Reagan",0,0,0.300000011920929,0.400000005960464,0.300000011920929,1,49,0,0,0,0,1,"Republican",1.88235294117647,1.86666666666667,0,8.5,8.30000019073486,8.80000001192093,8.70000019669533,0
"442",1982,1,"Ronald Reagan",0,0,0.300000011920929,0.300000011920929,0.400000005960464,0.300000011920929,48,0,0,0,0,1,"Republican",2.11764705882353,1.88235294117647,0,8.60000038146973,8.5,8.90000039339066,8.80000001192093,0
"443",1982,2,"Ronald Reagan",0,1,0.300000011920929,0.300000011920929,0.300000011920929,0.400000005960464,47,0,0,0,0,1,"Republican",2.22222222222222,2.11764705882353,0,8.89999961853027,8.60000038146973,9.1999996304512,8.90000039339066,0
"444",1982,3,"Ronald Reagan",2,2,0,0.300000011920929,0.300000011920929,0.300000011920929,46,0,0,0,0,1,"Republican",2.58064516129032,2.22222222222222,0,9,8.89999961853027,9,9.1999996304512,0
"445",1982,4,"Ronald Reagan",1,0,0.300000011920929,0,0.300000011920929,0.300000011920929,44,0,0,0,0,1,"Republican",2.17142857142857,2.58064516129032,2,9.30000019073486,9,9.60000020265579,9,0
"446",1982,5,"Ronald Reagan",0,0,0.899999976158142,0.300000011920929,0,0.300000011920929,45,0,0,0,0,1,"Republican",2.2,2.17142857142857,1,9.39999961853027,9.30000019073486,10.2999995946884,9.60000020265579,0
"447",1982,6,"Ronald Reagan",0,0,1.10000002384186,0.899999976158142,0.300000011920929,0,44.5,0,0,0,0,1,"Republican",3.90909090909091,2.2,0,9.60000038146973,9.39999961853027,10.7000004053116,10.2999995946884,0
"448",1982,7,"Ronald Reagan",0,0,0.5,1.10000002384186,0.899999976158142,0.300000011920929,41.5,0,0,0,0,1,"Republican",1.86206896551724,3.90909090909091,0,9.80000019073486,9.60000038146973,10.3000001907349,10.7000004053116,0
"449",1982,8,"Ronald Reagan",1,0,0.200000002980232,0.5,1.10000002384186,0.899999976158142,41.5,0,0,0,0,1,"Republican",2.16666666666667,1.86206896551724,0,9.80000019073486,9.80000019073486,10.0000001937151,10.3000001907349,0
"450",1982,9,"Ronald Reagan",1,0,0,0.200000002980232,0.5,1.10000002384186,42,0,0,0,0,1,"Republican",1.85365853658537,2.16666666666667,1,10.1000003814697,9.80000019073486,10.1000003814697,10.0000001937151,0
"451",1982,10,"Ronald Reagan",0,0,0.400000005960464,0,0.200000002980232,0.5,42,0,0,0,0,1,"Republican",1.5,1.85365853658537,1,10.3999996185303,10.1000003814697,10.7999996244907,10.1000003814697,0
"452",1982,11,"Ronald Reagan",1,0,-0.100000001490116,0.400000005960464,0,0.200000002980232,43,0,0,0,0,1,"Republican",2.09677419354839,1.5,0,10.8000001907349,10.3999996185303,10.7000001892447,10.7999996244907,0
"453",1982,12,"Ronald Reagan",2,2,-0.300000011920929,-0.100000001490116,0.400000005960464,0,41,0,0,0,0,1,"Republican",2.90243902439024,2.09677419354839,1,10.8000001907349,10.8000001907349,10.5000001788139,10.7000001892447,0
"454",1983,1,"Ronald Reagan",0,0,0.200000002980232,-0.300000011920929,-0.100000001490116,0.400000005960464,36.3333320617676,0,0,0,0,1,"Republican",1.8,2.90243902439024,2,10.3999996185303,10.8000001907349,10.5999996215105,10.5000001788139,0
"455",1983,2,"Ronald Reagan",2,2,0.100000001490116,0.200000002980232,-0.300000011920929,-0.100000001490116,40,0,0,0,0,1,"Republican",2.09375,1.8,0,10.3999996185303,10.3999996185303,10.4999996200204,10.5999996215105,0
"456",1983,3,"Ronald Reagan",0,0,0.100000001490116,0.100000001490116,0.200000002980232,-0.300000011920929,41,0,0,0,0,1,"Republican",2.34375,2.09375,2,10.3000001907349,10.3999996185303,10.400000192225,10.4999996200204,0
"457",1983,4,"Ronald Reagan",1,1,0.699999988079071,0.100000001490116,0.100000001490116,0.200000002980232,42,0,0,0,0,1,"Republican",2.56410256410256,2.34375,0,10.1999998092651,10.3000001907349,10.8999997973442,10.400000192225,0
"458",1983,5,"Ronald Reagan",0,0,0.400000005960464,0.699999988079071,0.100000001490116,0.100000001490116,44.5,0,0,0,0,1,"Republican",2.22222222222222,2.56410256410256,1,10.1000003814697,10.1999998092651,10.5000003874302,10.8999997973442,0
"459",1983,6,"Ronald Reagan",0,0,0.200000002980232,0.400000005960464,0.699999988079071,0.100000001490116,45,0,0,0,0,1,"Republican",2.31111111111111,2.22222222222222,0,10.1000003814697,10.1000003814697,10.30000038445,10.5000003874302,0
"460",1983,7,"Ronald Reagan",3,0,0.400000005960464,0.200000002980232,0.400000005960464,0.699999988079071,43,0,0,0,0,1,"Republican",2.43478260869565,2.31111111111111,0,9.39999961853027,10.1000003814697,9.79999962449074,10.30000038445,0
"461",1983,8,"Ronald Reagan",2,1,0.300000011920929,0.400000005960464,0.200000002980232,0.400000005960464,43.3333320617676,0,0,0,0,1,"Republican",2.18518518518519,2.43478260869565,3,9.5,9.39999961853027,9.80000001192093,9.79999962449074,0
"462",1983,9,"Ronald Reagan",0,1,0.300000011920929,0.300000011920929,0.400000005960464,0.200000002980232,47,0,0,0,0,1,"Republican",2.74418604651163,2.18518518518519,2,9.19999980926514,9.5,9.49999982118607,9.80000001192093,0
"463",1983,10,"Ronald Reagan",1,1,0.400000005960464,0.300000011920929,0.300000011920929,0.400000005960464,47,0,0,0,0,1,"Republican",3.2258064516129,2.74418604651163,0,8.80000019073486,9.19999980926514,9.20000019669533,9.49999982118607,0
"464",1983,11,"Ronald Reagan",1,1,0.300000011920929,0.400000005960464,0.300000011920929,0.300000011920929,53,0,0,0,0,1,"Republican",3.12121212121212,3.2258064516129,1,8.5,8.80000019073486,8.80000001192093,9.20000019669533,0
"465",1983,12,"Ronald Reagan",0,0,0.300000011920929,0.300000011920929,0.400000005960464,0.300000011920929,54,0,0,0,0,1,"Republican",2.76470588235294,3.12121212121212,1,8.30000019073486,8.5,8.60000020265579,8.80000001192093,0
"466",1984,1,"Ronald Reagan",0,0,0.699999988079071,0.300000011920929,0.300000011920929,0.400000005960464,53.5,1,0,0,0,1,"Republican",2.24242424242424,2.76470588235294,0,8,8.30000019073486,8.69999998807907,8.60000020265579,0
"467",1984,2,"Ronald Reagan",1,1,0.5,0.699999988079071,0.300000011920929,0.300000011920929,55,1,0,0,0,1,"Republican",2.51351351351351,2.24242424242424,0,7.80000019073486,8,8.30000019073486,8.69999998807907,0
"468",1984,3,"Ronald Reagan",1,0,0.300000011920929,0.5,0.699999988079071,0.300000011920929,54,1,0,0,0,1,"Republican",2.51428571428571,2.51351351351351,1,7.80000019073486,7.80000019073486,8.10000020265579,8.30000019073486,0
"469",1984,4,"Ronald Reagan",0,0,0.400000005960464,0.300000011920929,0.5,0.699999988079071,54,1,0,0,0,1,"Republican",2.41304347826087,2.51428571428571,1,7.69999980926514,7.80000019073486,8.0999998152256,8.10000020265579,0
"470",1984,5,"Ronald Reagan",0,0,0.200000002980232,0.400000005960464,0.300000011920929,0.5,53,1,0,0,0,1,"Republican",2.6046511627907,2.41304347826087,0,7.40000009536743,7.69999980926514,7.60000009834766,8.0999998152256,0
"471",1984,6,"Ronald Reagan",1,0,0.200000002980232,0.200000002980232,0.400000005960464,0.300000011920929,54,1,0,0,0,1,"Republican",2.38636363636364,2.6046511627907,0,7.19999980926514,7.40000009536743,7.39999981224537,7.60000009834766,0
"472",1984,7,"Ronald Reagan",0,0,0.400000005960464,0.200000002980232,0.200000002980232,0.400000005960464,53.6666679382324,1,0,0,0,1,"Republican",1.62790697674419,2.38636363636364,1,7.5,7.19999980926514,7.90000000596046,7.39999981224537,0
"473",1984,8,"Ronald Reagan",1,0,0.300000011920929,0.400000005960464,0.200000002980232,0.200000002980232,54,1,0,0,0,1,"Republican",1.42857142857143,1.62790697674419,0,7.5,7.5,7.80000001192093,7.90000000596046,0
"474",1984,9,"Ronald Reagan",1,1,0.300000011920929,0.300000011920929,0.400000005960464,0.200000002980232,56,1,0,0,0,1,"Republican",1.96153846153846,1.42857142857143,1,7.30000019073486,7.5,7.60000020265579,7.80000001192093,0
"475",1984,10,"Ronald Reagan",0,0,0.400000005960464,0.300000011920929,0.300000011920929,0.400000005960464,58,1,0,0,0,1,"Republican",2.04615384615385,1.96153846153846,1,7.40000009536743,7.30000019073486,7.8000001013279,7.60000020265579,0
"476",1984,11,"Ronald Reagan",2,0,0.200000002980232,0.400000005960464,0.300000011920929,0.300000011920929,61.5,1,0,0,0,1,"Republican",2.40625,2.04615384615385,0,7.19999980926514,7.40000009536743,7.39999981224537,7.8000001013279,0
"477",1984,12,"Ronald Reagan",0,0,0.200000002980232,0.200000002980232,0.400000005960464,0.300000011920929,59,1,0,0,0,1,"Republican",2.4,2.40625,2,7.30000019073486,7.19999980926514,7.5000001937151,7.39999981224537,0
"478",1985,1,"Ronald Reagan",0,0,0.200000002980232,0.200000002980232,0.200000002980232,0.400000005960464,63,0,0,0,0,1,"Republican",2.25,2.4,0,7.30000019073486,7.30000019073486,7.5000001937151,7.5000001937151,0
"479",1985,2,"Ronald Reagan",0,0,0.600000023841858,0.200000002980232,0.200000002980232,0.200000002980232,60,0,1,0,0,1,"Republican",2.25806451612903,2.25,0,7.19999980926514,7.30000019073486,7.799999833107,7.5000001937151,0
"480",1985,3,"Ronald Reagan",1,1,0.5,0.600000023841858,0.200000002980232,0.200000002980232,56,0,1,0,0,1,"Republican",3.10526315789474,2.25806451612903,0,7.19999980926514,7.19999980926514,7.69999980926514,7.799999833107,0
"481",1985,4,"Ronald Reagan",0,0,0.200000002980232,0.5,0.600000023841858,0.200000002980232,52,0,1,0,0,1,"Republican",2.33333333333333,3.10526315789474,1,7.30000019073486,7.19999980926514,7.5000001937151,7.69999980926514,0
"482",1985,5,"Ronald Reagan",0,0,0.200000002980232,0.200000002980232,0.5,0.600000023841858,55,0,1,0,0,1,"Republican",2.86842105263158,2.33333333333333,0,7.19999980926514,7.30000019073486,7.39999981224537,7.5000001937151,0
"483",1985,6,"Ronald Reagan",0,0,0.300000011920929,0.200000002980232,0.200000002980232,0.5,58,0,1,0,0,1,"Republican",2.34210526315789,2.86842105263158,0,7.40000009536743,7.19999980926514,7.70000010728836,7.39999981224537,0
"484",1985,7,"Ronald Reagan",0,0,0.200000002980232,0.300000011920929,0.200000002980232,0.200000002980232,63,0,1,0,0,1,"Republican",2.25,2.34210526315789,0,7.40000009536743,7.40000009536743,7.60000009834766,7.70000010728836,0
"485",1985,8,"Ronald Reagan",0,0,0.200000002980232,0.200000002980232,0.300000011920929,0.200000002980232,61,0,1,0,0,1,"Republican",2.66666666666667,2.25,0,7.09999990463257,7.40000009536743,7.2999999076128,7.60000009834766,0
"486",1985,9,"Ronald Reagan",1,1,0.200000002980232,0.200000002980232,0.200000002980232,0.300000011920929,60,0,1,0,0,1,"Republican",2.06666666666667,2.66666666666667,0,7.09999990463257,7.09999990463257,7.2999999076128,7.2999999076128,0
"487",1985,10,"Ronald Reagan",1,0,0.400000005960464,0.200000002980232,0.200000002980232,0.200000002980232,63,0,1,0,0,1,"Republican",3.0952380952381,2.06666666666667,1,7.09999990463257,7.09999990463257,7.49999991059303,7.2999999076128,0
"488",1985,11,"Ronald Reagan",2,1,0.5,0.400000005960464,0.200000002980232,0.200000002980232,63.5,0,1,0,0,1,"Republican",3.875,3.0952380952381,1,7,7.09999990463257,7.5,7.49999991059303,0
"489",1985,12,"Ronald Reagan",0,0,0.5,0.5,0.400000005960464,0.200000002980232,63,0,1,0,0,1,"Republican",2.52380952380952,3.875,2,7,7,7.5,7.5,0
"490",1986,1,"Ronald Reagan",2,3,0.400000005960464,0.5,0.5,0.400000005960464,64,0,1,0,0,1,"Republican",2.37037037037037,2.52380952380952,0,6.69999980926514,7,7.0999998152256,7.5,0
"491",1986,2,"Ronald Reagan",1,0,-0.200000002980232,0.400000005960464,0.5,0.5,NA,0,1,0,0,1,"Republican",2.77777777777778,2.37037037037037,2,7.19999980926514,6.69999980926514,6.9999998062849,7.0999998152256,0
"492",1986,3,"Ronald Reagan",3,1,-0.5,-0.200000002980232,0.400000005960464,0.5,63,0,1,0,0,1,"Republican",3.75,2.77777777777778,1,7.19999980926514,7.19999980926514,6.69999980926514,6.9999998062849,0
"493",1986,4,"Ronald Reagan",0,0,-0.400000005960464,-0.5,-0.200000002980232,0.400000005960464,62,0,1,0,0,1,"Republican",3.68181818181818,3.75,3,7.09999990463257,7.19999980926514,6.6999998986721,6.69999980926514,0
"494",1986,5,"Ronald Reagan",0,0,0.300000011920929,-0.400000005960464,-0.5,-0.200000002980232,68,0,1,0,0,1,"Republican",2.48148148148148,3.68181818181818,0,7.19999980926514,7.09999990463257,7.49999982118607,6.6999998986721,0
"495",1986,6,"Ronald Reagan",0,0,0.400000005960464,0.300000011920929,-0.400000005960464,-0.5,62.5,0,1,0,0,1,"Republican",2.7,2.48148148148148,0,7.19999980926514,7.19999980926514,7.5999998152256,7.49999982118607,0
"496",1986,7,"Ronald Reagan",1,0,0.100000001490116,0.400000005960464,0.300000011920929,-0.400000005960464,63,0,1,0,0,1,"Republican",2.32258064516129,2.7,0,7,7.19999980926514,7.10000000149012,7.5999998152256,0
"497",1986,8,"Ronald Reagan",0,0,0.100000001490116,0.100000001490116,0.400000005960464,0.300000011920929,61,0,1,0,0,1,"Republican",2.1,2.32258064516129,1,6.90000009536743,7,7.00000009685755,7.10000000149012,0
"498",1986,9,"Ronald Reagan",0,0,0.400000005960464,0.100000001490116,0.100000001490116,0.400000005960464,62,0,1,0,0,1,"Republican",2.14285714285714,2.1,0,7,6.90000009536743,7.40000000596046,7.00000009685755,0
"499",1986,10,"Ronald Reagan",0,0,0.200000002980232,0.400000005960464,0.100000001490116,0.100000001490116,63,0,1,0,0,1,"Republican",3.24390243902439,2.14285714285714,0,7,7,7.20000000298023,7.40000000596046,0
"500",1986,11,"Ronald Reagan",0,0,0.200000002980232,0.200000002980232,0.400000005960464,0.100000001490116,NA,0,1,0,0,1,"Republican",3.18181818181818,3.24390243902439,0,6.90000009536743,7,7.10000009834766,7.20000000298023,0
"501",1986,12,"Ronald Reagan",1,0,0.400000005960464,0.200000002980232,0.200000002980232,0.400000005960464,47.5,0,1,0,0,1,"Republican",2.42105263157895,3.18181818181818,0,6.59999990463257,6.90000009536743,6.99999991059303,7.10000009834766,0
"502",1987,1,"Ronald Reagan",1,1,0.5,0.400000005960464,0.200000002980232,0.200000002980232,48,0,1,0,0,1,"Republican",1.9,2.42105263157895,1,6.59999990463257,6.59999990463257,7.09999990463257,6.99999991059303,0
"503",1987,2,"Ronald Reagan",0,0,0.400000005960464,0.5,0.400000005960464,0.200000002980232,NA,0,1,0,0,1,"Republican",1.69565217391304,1.9,1,6.59999990463257,6.59999990463257,6.99999991059303,7.09999990463257,0
"504",1987,3,"Ronald Reagan",0,0,0.400000005960464,0.400000005960464,0.5,0.400000005960464,45,0,1,0,0,1,"Republican",2.1875,1.69565217391304,0,6.59999990463257,6.59999990463257,6.99999991059303,6.99999991059303,0
"505",1987,4,"Ronald Reagan",0,0,0.400000005960464,0.400000005960464,0.400000005960464,0.5,48,0,1,0,0,1,"Republican",2.42857142857143,2.1875,0,6.30000019073486,6.59999990463257,6.70000019669533,6.99999991059303,0
"506",1987,5,"Ronald Reagan",1,1,0.300000011920929,0.400000005960464,0.400000005960464,0.400000005960464,NA,0,1,0,0,1,"Republican",2.23076923076923,2.42857142857143,0,6.30000019073486,6.30000019073486,6.60000020265579,6.70000019669533,0
"507",1987,6,"Ronald Reagan",0,0,0.400000005960464,0.300000011920929,0.400000005960464,0.400000005960464,50,0,1,0,0,1,"Republican",2.2972972972973,2.23076923076923,1,6.19999980926514,6.30000019073486,6.5999998152256,6.60000020265579,0
"508",1987,7,"Ronald Reagan",0,0,0.300000011920929,0.400000005960464,0.300000011920929,0.400000005960464,49,0,1,0,0,1,"Republican",1.54545454545455,2.2972972972973,0,6.09999990463257,6.19999980926514,6.3999999165535,6.5999998152256,0
"509",1987,8,"Ronald Reagan",0,0,0.400000005960464,0.300000011920929,0.400000005960464,0.300000011920929,47,0,1,0,0,1,"Republican",2.15,1.54545454545455,0,6,6.09999990463257,6.40000000596046,6.3999999165535,0
"510",1987,9,"Ronald Reagan",1,1,0.300000011920929,0.400000005960464,0.300000011920929,0.400000005960464,NA,0,1,0,0,1,"Republican",2.1875,2.15,0,5.90000009536743,6,6.20000010728836,6.40000000596046,0
"511",1987,10,"Ronald Reagan",0,0,0.300000011920929,0.300000011920929,0.400000005960464,0.300000011920929,51,0,1,0,0,1,"Republican",1.97959183673469,2.1875,1,6,5.90000009536743,6.30000001192093,6.20000010728836,0
"512",1987,11,"Ronald Reagan",0,0,0.300000011920929,0.300000011920929,0.300000011920929,0.400000005960464,NA,0,1,0,0,1,"Republican",2.80555555555556,1.97959183673469,0,5.80000019073486,6,6.10000020265579,6.30000001192093,0
"513",1987,12,"Ronald Reagan",0,0,0.200000002980232,0.300000011920929,0.300000011920929,0.300000011920929,49,0,1,0,0,1,"Republican",3.62962962962963,2.80555555555556,0,5.69999980926514,5.80000019073486,5.89999981224537,6.10000020265579,0
"514",1988,1,"Ronald Reagan",1,0,0.300000011920929,0.200000002980232,0.300000011920929,0.300000011920929,49,1,1,0,0,1,"Republican",2.63333333333333,3.62962962962963,0,5.69999980926514,5.69999980926514,5.99999982118607,5.89999981224537,0
"515",1988,2,"Ronald Reagan",1,1,0.200000002980232,0.300000011920929,0.200000002980232,0.300000011920929,NA,1,1,0,0,1,"Republican",2.42857142857143,2.63333333333333,1,5.69999980926514,5.69999980926514,5.89999981224537,5.99999982118607,0
"516",1988,3,"Ronald Reagan",0,0,0.300000011920929,0.200000002980232,0.300000011920929,0.200000002980232,50.5,1,1,0,0,1,"Republican",3.1578947368421,2.42857142857143,1,5.69999980926514,5.69999980926514,5.99999982118607,5.89999981224537,0
"517",1988,4,"Ronald Reagan",0,0,0.600000023841858,0.300000011920929,0.200000002980232,0.300000011920929,50,1,1,0,0,1,"Republican",2.24,3.1578947368421,0,5.40000009536743,5.69999980926514,6.00000011920929,5.99999982118607,0
"518",1988,5,"Ronald Reagan",0,0,0.300000011920929,0.600000023841858,0.300000011920929,0.200000002980232,49,1,1,0,0,1,"Republican",3.15151515151515,2.24,0,5.59999990463257,5.40000009536743,5.8999999165535,6.00000011920929,0
"519",1988,6,"Ronald Reagan",0,0,0.400000005960464,0.300000011920929,0.600000023841858,0.300000011920929,49.5,1,1,0,0,1,"Republican",3.18181818181818,3.15151515151515,0,5.40000009536743,5.59999990463257,5.8000001013279,5.8999999165535,0
"520",1988,7,"Ronald Reagan",0,0,0.400000005960464,0.400000005960464,0.300000011920929,0.600000023841858,52.5,1,1,0,0,1,"Republican",1.89285714285714,3.18181818181818,0,5.40000009536743,5.40000009536743,5.8000001013279,5.8000001013279,0
"521",1988,8,"Ronald Reagan",0,0,0.400000005960464,0.400000005960464,0.400000005960464,0.300000011920929,53,1,1,0,0,1,"Republican",2.51851851851852,1.89285714285714,0,5.59999990463257,5.40000009536743,5.99999991059303,5.8000001013279,0
"522",1988,9,"Ronald Reagan",0,0,0.400000005960464,0.400000005960464,0.400000005960464,0.400000005960464,54,1,1,0,0,1,"Republican",2,2.51851851851852,0,5.40000009536743,5.59999990463257,5.8000001013279,5.99999991059303,0
"523",1988,10,"Ronald Reagan",0,0,0.300000011920929,0.400000005960464,0.400000005960464,0.400000005960464,51,1,1,0,0,1,"Republican",2.125,2,0,5.40000009536743,5.40000009536743,5.70000010728836,5.8000001013279,0
"524",1988,11,"Ronald Reagan",0,0,0.300000011920929,0.300000011920929,0.400000005960464,0.400000005960464,57,1,1,0,0,1,"Republican",2.12820512820513,2.125,0,5.30000019073486,5.40000009536743,5.60000020265579,5.70000010728836,0
"525",1988,12,"Ronald Reagan",0,1,0.300000011920929,0.300000011920929,0.300000011920929,0.400000005960464,63,1,1,0,0,1,"Republican",2.74074074074074,2.12820512820513,0,5.30000019073486,5.30000019073486,5.60000020265579,5.60000020265579,0
"526",1989,1,"Ronald Reagan",0,1,0.400000005960464,0.300000011920929,0.300000011920929,0.300000011920929,51,0,1,0,0,1,"Republican",1.71428571428571,2.74074074074074,0,5.40000009536743,5.30000019073486,5.8000001013279,5.60000020265579,0
"527",1989,2,"George H. W. Bush",0,0,0.300000011920929,0.400000005960464,0.300000011920929,0.300000011920929,63,0,0,0,0,1,"Republican",2.45454545454545,NA,NA,5.19999980926514,5.40000009536743,5.49999982118607,NA,0
"528",1989,3,"George H. W. Bush",0,0,0.5,0.300000011920929,0.400000005960464,0.300000011920929,56,0,0,0,0,1,"Republican",1.75675675675676,2.45454545454545,0,5,5.19999980926514,5.5,5.49999982118607,0
"529",1989,4,"George H. W. Bush",0,0,0.699999988079071,0.5,0.300000011920929,0.400000005960464,58,0,0,0,0,1,"Republican",2,1.75675675675676,0,5.19999980926514,5,5.89999979734421,5.5,0
"530",1989,5,"George H. W. Bush",0,0,0.5,0.699999988079071,0.5,0.300000011920929,59.5,0,0,0,0,1,"Republican",2.93617021276596,2,0,5.19999980926514,5.19999980926514,5.69999980926514,5.89999979734421,0
"531",1989,6,"George H. W. Bush",0,0,0.300000011920929,0.5,0.699999988079071,0.5,70,0,0,0,0,1,"Republican",2.15909090909091,2.93617021276596,0,5.30000019073486,5.19999980926514,5.60000020265579,5.69999980926514,0
"532",1989,7,"George H. W. Bush",0,0,0.300000011920929,0.300000011920929,0.5,0.699999988079071,66,0,0,0,0,1,"Republican",1.975,2.15909090909091,0,5.19999980926514,5.30000019073486,5.49999982118607,5.60000020265579,0
"533",1989,8,"George H. W. Bush",0,0,0,0.300000011920929,0.300000011920929,0.5,69,0,0,0,0,1,"Republican",2.55555555555556,1.975,0,5.19999980926514,5.19999980926514,5.19999980926514,5.49999982118607,0
"534",1989,9,"George H. W. Bush",1,0,0.200000002980232,0,0.300000011920929,0.300000011920929,70,0,0,0,0,1,"Republican",1.68181818181818,2.55555555555556,0,5.30000019073486,5.19999980926514,5.5000001937151,5.19999980926514,0
"535",1989,10,"George H. W. Bush",0,0,0.5,0.200000002980232,0,0.300000011920929,68,0,0,0,0,1,"Republican",2.06666666666667,1.68181818181818,1,5.30000019073486,5.30000019073486,5.80000019073486,5.5000001937151,0
"536",1989,11,"George H. W. Bush",0,0,0.400000005960464,0.5,0.200000002980232,0,70,0,0,0,0,1,"Republican",2.02127659574468,2.06666666666667,0,5.40000009536743,5.30000019073486,5.8000001013279,5.80000019073486,0
"537",1989,12,"George H. W. Bush",3,1,0.300000011920929,0.400000005960464,0.5,0.200000002980232,71,0,0,0,0,1,"Republican",3.03125,2.02127659574468,0,5.40000009536743,5.40000009536743,5.70000010728836,5.8000001013279,0
"538",1990,1,"George H. W. Bush",1,1,1,0.300000011920929,0.400000005960464,0.5,80,0,0,0,0,1,"Republican",1.8,3.03125,3,5.40000009536743,5.40000009536743,6.40000009536743,5.70000010728836,0
"539",1990,2,"George H. W. Bush",0,0,0.400000005960464,1,0.300000011920929,0.400000005960464,73,0,0,0,0,1,"Republican",2.27027027027027,1.8,1,5.30000019073486,5.40000009536743,5.70000019669533,6.40000009536743,0
"540",1990,3,"George H. W. Bush",0,0,0.5,0.400000005960464,1,0.300000011920929,71,0,0,0,0,1,"Republican",2.04347826086957,2.27027027027027,0,5.19999980926514,5.30000019073486,5.69999980926514,5.70000019669533,0
"541",1990,4,"George H. W. Bush",0,0,0.200000002980232,0.5,0.400000005960464,1,67.5,0,0,0,0,1,"Republican",2.04,2.04347826086957,0,5.40000009536743,5.19999980926514,5.60000009834766,5.69999980926514,0
"542",1990,5,"George H. W. Bush",0,0,0.200000002980232,0.200000002980232,0.5,0.400000005960464,65,0,0,0,0,1,"Republican",2.48837209302326,2.04,0,5.40000009536743,5.40000009536743,5.60000009834766,5.60000009834766,0
"543",1990,6,"George H. W. Bush",0,0,0.600000023841858,0.200000002980232,0.200000002980232,0.5,68,0,0,0,0,1,"Republican",2.68571428571429,2.48837209302326,0,5.19999980926514,5.40000009536743,5.799999833107,5.60000009834766,0
"544",1990,7,"George H. W. Bush",1,0,0.5,0.600000023841858,0.200000002980232,0.200000002980232,61.5,0,0,0,0,1,"Republican",2.03125,2.68571428571429,0,5.5,5.19999980926514,6,5.799999833107,0
"545",1990,8,"George H. W. Bush",3,0,0.800000011920929,0.5,0.600000023841858,0.200000002980232,74.75,0,0,0,0,1,"Republican",4.68181818181818,2.03125,1,5.69999980926514,5.5,6.49999982118607,6,0
"546",1990,9,"George H. W. Bush",0,0,0.699999988079071,0.800000011920929,0.5,0.600000023841858,72,0,0,0,0,1,"Republican",3.24390243902439,4.68181818181818,3,5.90000009536743,5.69999980926514,6.6000000834465,6.49999982118607,0
"547",1990,10,"George H. W. Bush",0,0,0.699999988079071,0.699999988079071,0.800000011920929,0.5,57.25,0,0,0,0,1,"Republican",2.66037735849057,3.24390243902439,0,5.90000009536743,5.90000009536743,6.6000000834465,6.6000000834465,0
"548",1990,11,"George H. W. Bush",0,0,0.200000002980232,0.699999988079071,0.699999988079071,0.800000011920929,57.75,0,0,0,0,1,"Republican",3.10169491525424,2.66037735849057,0,6.19999980926514,5.90000009536743,6.39999981224537,6.6000000834465,0
"549",1990,12,"George H. W. Bush",0,0,0.400000005960464,0.200000002980232,0.699999988079071,0.699999988079071,60.5,0,0,0,0,1,"Republican",2.84375,3.10169491525424,0,6.30000019073486,6.19999980926514,6.70000019669533,6.39999981224537,0
"550",1991,1,"George H. W. Bush",2,0,0.400000005960464,0.400000005960464,0.200000002980232,0.699999988079071,74.8333358764648,0,0,0,0,0,"Republican",4.14814814814815,2.84375,0,6.40000009536743,6.30000019073486,6.8000001013279,6.70000019669533,0
"551",1991,2,"George H. W. Bush",0,0,0.100000001490116,0.400000005960464,0.400000005960464,0.200000002980232,82,0,0,0,0,0,"Republican",3.97222222222222,4.14814814814815,2,6.59999990463257,6.40000009536743,6.69999990612268,6.8000001013279,0
"552",1991,3,"George H. W. Bush",0,1,0,0.100000001490116,0.400000005960464,0.400000005960464,84.75,0,0,0,0,0,"Republican",3.175,3.97222222222222,0,6.80000019073486,6.59999990463257,6.80000019073486,6.69999990612268,0
"553",1991,4,"George H. W. Bush",0,0,0.200000002980232,0,0.100000001490116,0.400000005960464,78.6666641235352,0,0,0,0,0,"Republican",2.36585365853659,3.175,0,6.69999980926514,6.80000019073486,6.89999981224537,6.80000019073486,0
"554",1991,5,"George H. W. Bush",1,1,0.400000005960464,0.200000002980232,0,0.100000001490116,75.25,0,0,0,0,0,"Republican",2.32,2.36585365853659,0,6.90000009536743,6.69999980926514,7.3000001013279,6.89999981224537,0
"555",1991,6,"George H. W. Bush",0,0,0.300000011920929,0.400000005960464,0.200000002980232,0,71.5,0,0,0,0,0,"Republican",2.23636363636364,2.32,1,6.90000009536743,6.90000009536743,7.20000010728836,7.3000001013279,0
"556",1991,7,"George H. W. Bush",1,1,0.100000001490116,0.300000011920929,0.400000005960464,0.200000002980232,71,0,0,0,0,0,"Republican",3.53333333333333,2.23636363636364,0,6.80000019073486,6.90000009536743,6.90000019222498,7.20000010728836,0
"557",1991,8,"George H. W. Bush",1,0,0.300000011920929,0.100000001490116,0.300000011920929,0.400000005960464,71.3333358764648,0,0,0,0,0,"Republican",3.04545454545455,3.53333333333333,1,6.90000009536743,6.80000019073486,7.20000010728836,6.90000019222498,0
"558",1991,9,"George H. W. Bush",1,0,0.300000011920929,0.300000011920929,0.100000001490116,0.300000011920929,68,0,0,0,0,0,"Republican",2.5,3.04545454545455,1,6.90000009536743,6.90000009536743,7.20000010728836,7.20000010728836,0
"559",1991,10,"George H. W. Bush",0,0,0.100000001490116,0.300000011920929,0.300000011920929,0.100000001490116,63.5999984741211,0,0,0,0,0,"Republican",1.84444444444444,2.5,1,7,6.90000009536743,7.10000000149012,7.20000010728836,0
"560",1991,11,"George H. W. Bush",0,0,0.400000005960464,0.100000001490116,0.300000011920929,0.300000011920929,54.6666679382324,0,0,0,0,0,"Republican",2.1063829787234,1.84444444444444,0,7,7,7.40000000596046,7.10000000149012,0
"561",1991,12,"George H. W. Bush",0,0,0.300000011920929,0.400000005960464,0.100000001490116,0.300000011920929,51,0,0,0,0,0,"Republican",2.42857142857143,2.1063829787234,0,7.30000019073486,7,7.60000020265579,7.40000000596046,0
"562",1992,1,"George H. W. Bush",0,0,0.100000001490116,0.300000011920929,0.400000005960464,0.100000001490116,46.3333320617676,1,0,0,0,0,"Republican",2.28070175438596,2.42857142857143,0,7.30000019073486,7.30000019073486,7.40000019222498,7.60000020265579,0
"563",1992,2,"George H. W. Bush",0,0,0.200000002980232,0.100000001490116,0.300000011920929,0.400000005960464,41.3333320617676,1,0,0,0,0,"Republican",1.73076923076923,2.28070175438596,0,7.40000009536743,7.30000019073486,7.60000009834766,7.40000019222498,0
"564",1992,3,"George H. W. Bush",0,0,0.400000005960464,0.200000002980232,0.100000001490116,0.300000011920929,41.3333320617676,1,0,0,0,0,"Republican",1.9375,1.73076923076923,0,7.40000009536743,7.40000009536743,7.8000001013279,7.60000009834766,0
"565",1992,4,"George H. W. Bush",1,1,0.200000002980232,0.400000005960464,0.200000002980232,0.100000001490116,40.5,1,0,0,0,0,"Republican",1.86046511627907,1.9375,0,7.40000009536743,7.40000009536743,7.60000009834766,7.8000001013279,0
"566",1992,5,"George H. W. Bush",1,0,0.200000002980232,0.200000002980232,0.400000005960464,0.200000002980232,40.5,1,0,0,0,0,"Republican",1.48148148148148,1.86046511627907,1,7.59999990463257,7.40000009536743,7.7999999076128,7.60000009834766,0
"567",1992,6,"George H. W. Bush",0,0,0.300000011920929,0.200000002980232,0.200000002980232,0.400000005960464,37.3333320617676,1,0,0,0,0,"Republican",2.05882352941176,1.48148148148148,1,7.80000019073486,7.59999990463257,8.10000020265579,7.7999999076128,0
"568",1992,7,"George H. W. Bush",1,2,0.300000011920929,0.300000011920929,0.200000002980232,0.200000002980232,30.5,1,0,0,0,0,"Republican",2.16279069767442,2.05882352941176,0,7.69999980926514,7.80000019073486,7.99999982118607,8.10000020265579,0
"569",1992,8,"George H. W. Bush",1,0,0.200000002980232,0.300000011920929,0.300000011920929,0.200000002980232,38,1,0,0,0,0,"Republican",2.4,2.16279069767442,1,7.59999990463257,7.69999980926514,7.7999999076128,7.99999982118607,0
"570",1992,9,"George H. W. Bush",0,0,0.200000002980232,0.200000002980232,0.300000011920929,0.300000011920929,37.5,1,0,0,0,0,"Republican",2.02597402597403,2.4,1,7.59999990463257,7.59999990463257,7.7999999076128,7.7999999076128,0
"571",1992,10,"George H. W. Bush",0,0,0.400000005960464,0.200000002980232,0.200000002980232,0.300000011920929,33.5,1,0,0,0,0,"Republican",1.90140845070423,2.02597402597403,0,7.30000019073486,7.59999990463257,7.70000019669533,7.7999999076128,0
"572",1992,11,"George H. W. Bush",0,0,0.300000011920929,0.400000005960464,0.200000002980232,0.200000002980232,43,1,0,0,0,0,"Republican",1.57142857142857,1.90140845070423,0,7.40000009536743,7.30000019073486,7.70000010728836,7.70000019669533,0
"573",1992,12,"George H. W. Bush",1,0,0.100000001490116,0.300000011920929,0.400000005960464,0.200000002980232,49,1,0,0,0,0,"Republican",2.36842105263158,1.57142857142857,0,7.40000009536743,7.40000009536743,7.50000009685755,7.70000010728836,0
"574",1993,1,"George H. W. Bush",0,0,0.400000005960464,0.100000001490116,0.300000011920929,0.400000005960464,56,0,0,1,0,0,"Republican",1.05,2.36842105263158,1,7.30000019073486,7.40000009536743,7.70000019669533,7.50000009685755,0
"575",1993,2,"Bill Clinton",1,0,0.200000002980232,0.400000005960464,0.100000001490116,0.300000011920929,55,0,0,1,1,0,"Democrat",1.33898305084746,NA,NA,7.09999990463257,7.30000019073486,7.2999999076128,NA,0
"576",1993,3,"Bill Clinton",2,1,0.100000001490116,0.200000002980232,0.400000005960464,0.100000001490116,52.5,0,0,1,1,0,"Democrat",1.94915254237288,1.33898305084746,1,7,7.09999990463257,7.10000000149012,7.2999999076128,0
"577",1993,4,"Bill Clinton",0,0,0.300000011920929,0.100000001490116,0.200000002980232,0.400000005960464,55,0,0,1,1,0,"Democrat",1.90909090909091,1.94915254237288,2,7.09999990463257,7,7.3999999165535,7.10000000149012,0
"578",1993,5,"Bill Clinton",0,0,0.300000011920929,0.300000011920929,0.100000001490116,0.200000002980232,44.5,0,0,1,1,0,"Democrat",1.74324324324324,1.90909090909091,0,7.09999990463257,7.09999990463257,7.3999999165535,7.3999999165535,0
"579",1993,6,"Bill Clinton",2,1,0.100000001490116,0.300000011920929,0.300000011920929,0.100000001490116,40.6666679382324,0,0,1,1,0,"Democrat",1.6,1.74324324324324,0,7,7.09999990463257,7.10000000149012,7.3999999165535,0
"580",1993,7,"Bill Clinton",0,0,0.100000001490116,0.100000001490116,0.300000011920929,0.300000011920929,43,0,0,1,1,0,"Democrat",1.8876404494382,1.6,2,6.90000009536743,7,7.00000009685755,7.10000000149012,0
"581",1993,8,"Bill Clinton",0,0,0.200000002980232,0.100000001490116,0.100000001490116,0.300000011920929,44,0,0,1,1,0,"Democrat",1.57894736842105,1.8876404494382,0,6.80000019073486,6.90000009536743,7.0000001937151,7.00000009685755,0
"582",1993,9,"Bill Clinton",0,0,0.100000001490116,0.200000002980232,0.100000001490116,0.100000001490116,49.6666679382324,0,0,1,1,0,"Democrat",1.95,1.57894736842105,0,6.69999980926514,6.80000019073486,6.79999981075525,7.0000001937151,0
"583",1993,10,"Bill Clinton",0,1,0.400000005960464,0.100000001490116,0.200000002980232,0.100000001490116,48.3333320617676,0,0,1,1,0,"Democrat",2.16129032258065,1.95,0,6.80000019073486,6.69999980926514,7.20000019669533,6.79999981075525,0
"584",1993,11,"Bill Clinton",1,0,0.300000011920929,0.400000005960464,0.100000001490116,0.200000002980232,48.6666679382324,0,0,1,1,0,"Democrat",1.79032258064516,2.16129032258065,0,6.59999990463257,6.80000019073486,6.8999999165535,7.20000019669533,0
"585",1993,12,"Bill Clinton",1,0,0.200000002980232,0.300000011920929,0.400000005960464,0.100000001490116,53,0,0,1,1,0,"Democrat",1.73170731707317,1.79032258064516,1,6.5,6.59999990463257,6.70000000298023,6.8999999165535,0
"586",1994,1,"Bill Clinton",0,0,0,0.200000002980232,0.300000011920929,0.400000005960464,55.3333320617676,0,0,1,1,0,"Democrat",3.06666666666667,1.73170731707317,1,6.59999990463257,6.5,6.59999990463257,6.70000000298023,0
"587",1994,2,"Bill Clinton",0,0,0.300000011920929,0,0.200000002980232,0.300000011920929,53,0,0,1,1,0,"Democrat",2.45614035087719,3.06666666666667,0,6.59999990463257,6.59999990463257,6.8999999165535,6.59999990463257,0
"588",1994,3,"Bill Clinton",0,0,0.300000011920929,0.300000011920929,0,0.200000002980232,50.75,0,0,1,1,0,"Democrat",1.89473684210526,2.45614035087719,0,6.5,6.59999990463257,6.80000001192093,6.8999999165535,0
"589",1994,4,"Bill Clinton",1,1,0.100000001490116,0.300000011920929,0.300000011920929,0,49.5,0,0,1,1,0,"Democrat",2.06060606060606,1.89473684210526,0,6.40000009536743,6.5,6.50000009685755,6.80000001192093,0
"590",1994,5,"Bill Clinton",0,0,0.200000002980232,0.100000001490116,0.300000011920929,0.300000011920929,51,0,0,1,1,0,"Democrat",1.98484848484849,2.06060606060606,1,6.09999990463257,6.40000009536743,6.2999999076128,6.50000009685755,0
"591",1994,6,"Bill Clinton",0,0,0.300000011920929,0.200000002980232,0.100000001490116,0.300000011920929,46.3333320617676,0,0,1,1,0,"Democrat",2.52777777777778,1.98484848484849,0,6.09999990463257,6.09999990463257,6.3999999165535,6.2999999076128,0
"592",1994,7,"Bill Clinton",2,0,0.300000011920929,0.300000011920929,0.200000002980232,0.100000001490116,42.5,0,0,1,1,0,"Democrat",2.56060606060606,2.52777777777778,0,6.09999990463257,6.09999990463257,6.3999999165535,6.3999999165535,0
"593",1994,8,"Bill Clinton",1,2,0.400000005960464,0.300000011920929,0.300000011920929,0.200000002980232,41,0,0,1,1,0,"Democrat",1.40625,2.56060606060606,2,6,6.09999990463257,6.40000000596046,6.3999999165535,0
"594",1994,9,"Bill Clinton",1,0,0.200000002980232,0.400000005960464,0.300000011920929,0.300000011920929,41.3333320617676,0,0,1,1,0,"Democrat",2.47058823529412,1.40625,1,5.90000009536743,6,6.10000009834766,6.40000000596046,0
"595",1994,10,"Bill Clinton",1,0,0.100000001490116,0.200000002980232,0.400000005960464,0.300000011920929,43.6666679382324,0,0,1,1,0,"Democrat",2.4375,2.47058823529412,1,5.80000019073486,5.90000009536743,5.90000019222498,6.10000009834766,0
"596",1994,11,"Bill Clinton",0,0,0.300000011920929,0.100000001490116,0.200000002980232,0.400000005960464,44.5,0,0,1,1,0,"Democrat",2.05970149253731,2.4375,1,5.59999990463257,5.80000019073486,5.8999999165535,5.90000019222498,0
"597",1994,12,"Bill Clinton",0,0,0.200000002980232,0.300000011920929,0.100000001490116,0.200000002980232,41.3333320617676,0,0,1,1,0,"Democrat",2.10810810810811,2.05970149253731,0,5.5,5.59999990463257,5.70000000298023,5.8999999165535,0
"598",1995,1,"Bill Clinton",0,0,0.300000011920929,0.200000002980232,0.300000011920929,0.100000001490116,47,0,0,0,1,0,"Democrat",1.43478260869565,2.10810810810811,0,5.59999990463257,5.5,5.8999999165535,5.70000000298023,0
"599",1995,2,"Bill Clinton",0,0,0.300000011920929,0.300000011920929,0.200000002980232,0.300000011920929,45.5,0,0,0,1,0,"Democrat",1.82978723404255,1.43478260869565,0,5.40000009536743,5.59999990463257,5.70000010728836,5.8999999165535,0
"600",1995,3,"Bill Clinton",0,0,0.200000002980232,0.300000011920929,0.300000011920929,0.200000002980232,45,0,0,0,1,0,"Democrat",1.70731707317073,1.82978723404255,0,5.40000009536743,5.40000009536743,5.60000009834766,5.70000010728836,0
"601",1995,4,"Bill Clinton",0,0,0.400000005960464,0.200000002980232,0.300000011920929,0.300000011920929,48,0,0,0,1,0,"Democrat",1.92,1.70731707317073,0,5.80000019073486,5.40000009536743,6.20000019669533,5.60000009834766,0
"602",1995,5,"Bill Clinton",0,0,0.200000002980232,0.400000005960464,0.200000002980232,0.300000011920929,51,0,0,0,1,0,"Democrat",2.86274509803922,1.92,0,5.59999990463257,5.80000019073486,5.7999999076128,6.20000019669533,0
"603",1995,6,"Bill Clinton",0,0,0.200000002980232,0.200000002980232,0.400000005960464,0.200000002980232,47,0,0,0,1,0,"Democrat",1.98245614035088,2.86274509803922,0,5.59999990463257,5.59999990463257,5.7999999076128,5.7999999076128,0
"604",1995,7,"Bill Clinton",0,0,0.100000001490116,0.200000002980232,0.200000002980232,0.400000005960464,47,0,0,0,1,0,"Democrat",1.95121951219512,1.98245614035088,0,5.69999980926514,5.59999990463257,5.79999981075525,5.7999999076128,0
"605",1995,8,"Bill Clinton",0,0,0.200000002980232,0.100000001490116,0.200000002980232,0.200000002980232,46,0,0,0,1,0,"Democrat",2.31818181818182,1.95121951219512,0,5.69999980926514,5.69999980926514,5.89999981224537,5.79999981075525,0
"606",1995,9,"Bill Clinton",0,0,0.100000001490116,0.200000002980232,0.100000001490116,0.200000002980232,46,0,0,0,1,0,"Democrat",2.02898550724638,2.31818181818182,0,5.59999990463257,5.69999980926514,5.69999990612268,5.89999981224537,0
"607",1995,10,"Bill Clinton",0,0,0.300000011920929,0.100000001490116,0.200000002980232,0.100000001490116,47.5,0,0,0,1,0,"Democrat",2,2.02898550724638,0,5.5,5.59999990463257,5.80000001192093,5.69999990612268,0
"608",1995,11,"Bill Clinton",0,0,0.100000001490116,0.300000011920929,0.100000001490116,0.200000002980232,52.5,0,0,0,1,0,"Democrat",2.65853658536585,2,0,5.59999990463257,5.5,5.69999990612268,5.80000001192093,0
"609",1995,12,"Bill Clinton",1,0,0.100000001490116,0.100000001490116,0.300000011920929,0.100000001490116,51,0,0,0,1,0,"Democrat",2.6734693877551,2.65853658536585,0,5.59999990463257,5.59999990463257,5.69999990612268,5.69999990612268,0
"610",1996,1,"Bill Clinton",0,0,0.5,0.100000001490116,0.100000001490116,0.300000011920929,46.6666679382324,1,0,0,1,0,"Democrat",2.52631578947368,2.6734693877551,1,5.59999990463257,5.59999990463257,6.09999990463257,5.69999990612268,0
"611",1996,2,"Bill Clinton",1,1,0.200000002980232,0.5,0.100000001490116,0.100000001490116,53,1,0,0,1,0,"Democrat",1.58461538461538,2.52631578947368,0,5.5,5.59999990463257,5.70000000298023,6.09999990463257,0
"612",1996,3,"Bill Clinton",0,0,0.300000011920929,0.200000002980232,0.5,0.100000001490116,53,1,0,0,1,0,"Democrat",2.7037037037037,1.58461538461538,1,5.5,5.5,5.80000001192093,5.70000000298023,0
"613",1996,4,"Bill Clinton",1,0,0.400000005960464,0.300000011920929,0.200000002980232,0.5,55,1,0,0,1,0,"Democrat",2.76363636363636,2.7037037037037,0,5.59999990463257,5.5,5.99999991059303,5.80000001192093,0
"614",1996,5,"Bill Clinton",1,0,0.200000002980232,0.400000005960464,0.300000011920929,0.200000002980232,54,1,0,0,1,0,"Democrat",1.96428571428571,2.76363636363636,1,5.59999990463257,5.59999990463257,5.7999999076128,5.99999991059303,0
"615",1996,6,"Bill Clinton",1,1,0.200000002980232,0.200000002980232,0.400000005960464,0.300000011920929,55,1,0,0,1,0,"Democrat",2.19607843137255,1.96428571428571,1,5.30000019073486,5.59999990463257,5.5000001937151,5.7999999076128,0
"616",1996,7,"Bill Clinton",0,0,0.200000002980232,0.200000002980232,0.200000002980232,0.400000005960464,57.5,1,0,0,1,0,"Democrat",2.06122448979592,2.19607843137255,1,5.5,5.30000019073486,5.70000000298023,5.5000001937151,0
"617",1996,8,"Bill Clinton",0,1,0.100000001490116,0.200000002980232,0.200000002980232,0.200000002980232,55.5,1,0,0,1,0,"Democrat",1.35820895522388,2.06122448979592,0,5.09999990463257,5.5,5.19999990612268,5.70000000298023,0
"618",1996,9,"Bill Clinton",1,0,0.300000011920929,0.100000001490116,0.200000002980232,0.200000002980232,60,1,0,0,1,0,"Democrat",2.06578947368421,1.35820895522388,0,5.19999980926514,5.09999990463257,5.49999982118607,5.19999990612268,0
"619",1996,10,"Bill Clinton",0,0,0.300000011920929,0.300000011920929,0.100000001490116,0.200000002980232,56.3333320617676,1,0,0,1,0,"Democrat",1.44615384615385,2.06578947368421,1,5.19999980926514,5.19999980926514,5.49999982118607,5.49999982118607,0
"620",1996,11,"Bill Clinton",0,0,0.300000011920929,0.300000011920929,0.300000011920929,0.100000001490116,58,1,0,0,1,0,"Democrat",1.90909090909091,1.44615384615385,0,5.40000009536743,5.19999980926514,5.70000010728836,5.49999982118607,0
"621",1996,12,"Bill Clinton",0,0,0.300000011920929,0.300000011920929,0.300000011920929,0.300000011920929,58,1,0,0,1,0,"Democrat",1.79166666666667,1.90909090909091,0,5.40000009536743,5.40000009536743,5.70000010728836,5.70000010728836,0
"622",1997,1,"Bill Clinton",0,0,0.200000002980232,0.300000011920929,0.300000011920929,0.300000011920929,60,0,0,0,1,0,"Democrat",1.72727272727273,1.79166666666667,0,5.30000019073486,5.40000009536743,5.5000001937151,5.70000010728836,0
"623",1997,2,"Bill Clinton",1,0,0.200000002980232,0.200000002980232,0.300000011920929,0.300000011920929,57,0,1,0,1,0,"Democrat",1.525,1.72727272727273,0,5.19999980926514,5.30000019073486,5.39999981224537,5.5000001937151,0
"624",1997,3,"Bill Clinton",2,0,0.100000001490116,0.200000002980232,0.200000002980232,0.300000011920929,59,0,1,0,1,0,"Democrat",1.73170731707317,1.525,1,5.19999980926514,5.19999980926514,5.29999981075525,5.39999981224537,0
"625",1997,4,"Bill Clinton",0,0,0.100000001490116,0.100000001490116,0.200000002980232,0.200000002980232,54,0,1,0,1,0,"Democrat",1.92307692307692,1.73170731707317,2,5.09999990463257,5.19999980926514,5.19999990612268,5.29999981075525,0
"626",1997,5,"Bill Clinton",2,1,0,0.100000001490116,0.100000001490116,0.200000002980232,57,0,1,0,1,0,"Democrat",2.28070175438596,1.92307692307692,0,4.90000009536743,5.09999990463257,4.90000009536743,5.19999990612268,0
"627",1997,6,"Bill Clinton",0,0,0.200000002980232,0,0.100000001490116,0.100000001490116,55,0,1,0,1,0,"Democrat",1.87234042553191,2.28070175438596,2,5,4.90000009536743,5.20000000298023,4.90000009536743,0
"628",1997,7,"Bill Clinton",1,0,0.100000001490116,0.200000002980232,0,0.100000001490116,58,0,1,0,1,0,"Democrat",2.64444444444444,1.87234042553191,0,4.90000009536743,5,5.00000009685755,5.20000000298023,0
"629",1997,8,"Bill Clinton",1,1,0.200000002980232,0.100000001490116,0.200000002980232,0,60.5,0,1,0,1,0,"Democrat",1.28571428571429,2.64444444444444,1,4.80000019073486,4.90000009536743,5.0000001937151,5.00000009685755,0
"630",1997,9,"Bill Clinton",0,0,0.200000002980232,0.200000002980232,0.100000001490116,0.200000002980232,59.5,0,1,0,1,0,"Democrat",1.65217391304348,1.28571428571429,1,4.90000009536743,4.80000019073486,5.10000009834766,5.0000001937151,0
"631",1997,10,"Bill Clinton",1,2,0.200000002980232,0.200000002980232,0.200000002980232,0.100000001490116,57,0,1,0,1,0,"Democrat",1.68421052631579,1.65217391304348,0,4.69999980926514,4.90000009536743,4.89999981224537,5.10000009834766,0
"632",1997,11,"Bill Clinton",0,0,0.100000001490116,0.200000002980232,0.200000002980232,0.200000002980232,60,0,1,0,1,0,"Democrat",2,1.68421052631579,1,4.59999990463257,4.69999980926514,4.69999990612268,4.89999981224537,0
"633",1997,12,"Bill Clinton",0,0,0.100000001490116,0.100000001490116,0.200000002980232,0.200000002980232,56,0,1,0,1,0,"Democrat",1.78571428571429,2,0,4.69999980926514,4.59999990463257,4.79999981075525,4.69999990612268,0
"634",1998,1,"Bill Clinton",0,0,0.100000001490116,0.100000001490116,0.100000001490116,0.200000002980232,61,0,1,0,1,0,"Democrat",1.65909090909091,1.78571428571429,0,4.59999990463257,4.69999980926514,4.69999990612268,4.79999981075525,0
"635",1998,2,"Bill Clinton",0,0,0,0.100000001490116,0.100000001490116,0.100000001490116,66,0,1,0,1,0,"Democrat",2.29166666666667,1.65909090909091,0,4.59999990463257,4.59999990463257,4.59999990463257,4.69999990612268,0
"636",1998,3,"Bill Clinton",0,0,0,0,0.100000001490116,0.100000001490116,64.5,0,1,0,1,0,"Democrat",1.7910447761194,2.29166666666667,0,4.69999980926514,4.59999990463257,4.69999980926514,4.59999990463257,0
"637",1998,4,"Bill Clinton",0,0,0.100000001490116,0,0,0.100000001490116,63,0,1,0,1,0,"Democrat",1.53333333333333,1.7910447761194,0,4.30000019073486,4.69999980926514,4.40000019222498,4.69999980926514,0
"638",1998,5,"Bill Clinton",0,0,0.200000002980232,0.100000001490116,0,0,64,0,1,0,1,0,"Democrat",2.54716981132075,1.53333333333333,0,4.40000009536743,4.30000019073486,4.60000009834766,4.40000019222498,0
"639",1998,6,"Bill Clinton",1,0,0.100000001490116,0.200000002980232,0.100000001490116,0,60,0,1,0,1,0,"Democrat",1.83561643835616,2.54716981132075,0,4.5,4.40000009536743,4.60000000149012,4.60000009834766,0
"640",1998,7,"Bill Clinton",0,0,0.200000002980232,0.100000001490116,0.200000002980232,0.100000001490116,62,0,1,0,1,0,"Democrat",1.32258064516129,1.83561643835616,1,4.5,4.5,4.70000000298023,4.60000000149012,0
"641",1998,8,"Bill Clinton",3,2,0.100000001490116,0.200000002980232,0.100000001490116,0.200000002980232,63.6666679382324,0,1,0,1,0,"Democrat",2.25806451612903,1.32258064516129,0,4.5,4.5,4.60000000149012,4.70000000298023,0
"642",1998,9,"Bill Clinton",1,1,0.100000001490116,0.100000001490116,0.200000002980232,0.100000001490116,64,0,1,0,1,0,"Democrat",1.84375,2.25806451612903,3,4.59999990463257,4.5,4.69999990612268,4.60000000149012,0
"643",1998,10,"Bill Clinton",0,0,0.200000002980232,0.100000001490116,0.100000001490116,0.200000002980232,64.75,0,1,0,1,0,"Democrat",1.91549295774648,1.84375,1,4.5,4.59999990463257,4.70000000298023,4.69999990612268,0
"644",1998,11,"Bill Clinton",0,0,0.100000001490116,0.200000002980232,0.100000001490116,0.100000001490116,66,0,1,0,1,0,"Democrat",2.29545454545455,1.91549295774648,0,4.40000009536743,4.5,4.50000009685755,4.70000000298023,0
"645",1998,12,"Bill Clinton",0,0,0.200000002980232,0.100000001490116,0.200000002980232,0.100000001490116,66.5,0,1,0,1,0,"Democrat",2.36734693877551,2.29545454545455,0,4.40000009536743,4.40000009536743,4.60000009834766,4.50000009685755,0
"646",1999,1,"Bill Clinton",0,0,0.200000002980232,0.200000002980232,0.100000001490116,0.200000002980232,68.3333358764648,0,1,0,1,0,"Democrat",1.59090909090909,2.36734693877551,0,4.30000019073486,4.40000009536743,4.5000001937151,4.60000009834766,0
"647",1999,2,"Bill Clinton",1,0,0,0.200000002980232,0.200000002980232,0.100000001490116,66.25,0,1,0,1,0,"Democrat",1.75555555555556,1.59090909090909,0,4.40000009536743,4.30000019073486,4.40000009536743,4.5000001937151,0
"648",1999,3,"Bill Clinton",1,0,0.100000001490116,0,0.200000002980232,0.200000002980232,64.5,0,1,0,1,0,"Democrat",2.36363636363636,1.75555555555556,1,4.19999980926514,4.40000009536743,4.29999981075525,4.40000009536743,0
"649",1999,4,"Bill Clinton",1,1,0.699999988079071,0.100000001490116,0,0.200000002980232,59.75,0,1,0,1,0,"Democrat",3.01818181818182,2.36363636363636,1,4.30000019073486,4.19999980926514,5.00000017881393,4.29999981075525,0
"650",1999,5,"Bill Clinton",0,0,0.100000001490116,0.699999988079071,0.100000001490116,0,56.5,0,1,0,1,0,"Democrat",3.01612903225806,3.01818181818182,1,4.19999980926514,4.30000019073486,4.29999981075525,5.00000017881393,0
"651",1999,6,"Bill Clinton",1,1,0,0.100000001490116,0.699999988079071,0.100000001490116,59,0,1,0,1,0,"Democrat",2.81818181818182,3.01612903225806,0,4.30000019073486,4.19999980926514,4.30000019073486,4.29999981075525,0
"652",1999,7,"Bill Clinton",0,0,0.400000005960464,0,0.100000001490116,0.699999988079071,60.3333320617676,0,1,0,1,0,"Democrat",1.63492063492064,2.81818181818182,1,4.30000019073486,4.30000019073486,4.70000019669533,4.30000019073486,0
"653",1999,8,"Bill Clinton",0,0,0.200000002980232,0.400000005960464,0,0.100000001490116,59.6666679382324,0,1,0,1,0,"Democrat",1.33333333333333,1.63492063492064,0,4.19999980926514,4.30000019073486,4.39999981224537,4.70000019669533,0
"654",1999,9,"Bill Clinton",0,0,0.400000005960464,0.200000002980232,0.400000005960464,0,59.5,0,1,0,1,0,"Democrat",1.96428571428571,1.33333333333333,0,4.19999980926514,4.19999980926514,4.5999998152256,4.39999981224537,0
"655",1999,10,"Bill Clinton",1,0,0.200000002980232,0.400000005960464,0.200000002980232,0.400000005960464,57.5,0,1,0,1,0,"Democrat",1.90666666666667,1.96428571428571,0,4.09999990463257,4.19999980926514,4.2999999076128,4.5999998152256,0
"656",1999,11,"Bill Clinton",0,0,0.200000002980232,0.200000002980232,0.400000005960464,0.200000002980232,58.5,0,1,0,1,0,"Democrat",2.14864864864865,1.90666666666667,1,4.09999990463257,4.09999990463257,4.2999999076128,4.2999999076128,0
"657",1999,12,"Bill Clinton",1,0,0.200000002980232,0.200000002980232,0.200000002980232,0.400000005960464,56.5,0,1,0,1,0,"Democrat",1.6,2.14864864864865,0,4,4.09999990463257,4.20000000298023,4.2999999076128,0
"658",2000,1,"Bill Clinton",0,0,0.300000011920929,0.200000002980232,0.200000002980232,0.200000002980232,62,1,1,0,1,0,"Democrat",1.51162790697674,1.6,1,4,4,4.30000001192093,4.20000000298023,0
"659",2000,2,"Bill Clinton",3,2,0.400000005960464,0.300000011920929,0.200000002980232,0.200000002980232,60.6666679382324,1,1,0,1,0,"Democrat",1.54716981132075,1.51162790697674,0,4.09999990463257,4,4.49999991059303,4.30000001192093,0
"660",2000,3,"Bill Clinton",1,1,0.600000023841858,0.400000005960464,0.300000011920929,0.200000002980232,60.3333320617676,1,1,0,1,0,"Democrat",1.55555555555556,1.54716981132075,3,4,4.09999990463257,4.60000002384186,4.49999991059303,0
"661",2000,4,"Bill Clinton",0,0,-0.100000001490116,0.600000023841858,0.400000005960464,0.300000011920929,59,1,1,0,1,0,"Democrat",1.18032786885246,1.55555555555556,1,3.79999995231628,4,3.69999995082617,4.60000002384186,0
"662",2000,5,"Bill Clinton",0,0,0.200000002980232,-0.100000001490116,0.600000023841858,0.400000005960464,57,1,1,0,1,0,"Democrat",1.73611111111111,1.18032786885246,0,4,3.79999995231628,4.20000000298023,3.69999995082617,0
"663",2000,6,"Bill Clinton",1,0,0.600000023841858,0.200000002980232,-0.100000001490116,0.600000023841858,57.5,1,1,0,1,0,"Democrat",1.59756097560976,1.73611111111111,0,4,4,4.60000002384186,4.20000000298023,0
"664",2000,7,"Bill Clinton",0,0,0.300000011920929,0.600000023841858,0.200000002980232,-0.100000001490116,58.3333320617676,1,1,0,1,0,"Democrat",1.75471698113208,1.59756097560976,1,4,4,4.30000001192093,4.60000002384186,0
"665",2000,8,"Bill Clinton",0,0,0,0.300000011920929,0.600000023841858,0.200000002980232,59.75,1,1,0,1,0,"Democrat",1.64,1.75471698113208,0,4.09999990463257,4,4.09999990463257,4.30000001192093,0
"666",2000,9,"Bill Clinton",1,0,0.5,0,0.300000011920929,0.600000023841858,60,1,1,0,1,0,"Democrat",1.64102564102564,1.64,0,3.90000009536743,4.09999990463257,4.40000009536743,4.09999990463257,0
"667",2000,10,"Bill Clinton",2,2,0.200000002980232,0.5,0,0.300000011920929,57.5,1,1,0,1,0,"Democrat",1.63855421686747,1.64102564102564,1,3.90000009536743,3.90000009536743,4.10000009834766,4.40000009536743,0
"668",2000,11,"Bill Clinton",2,2,0.200000002980232,0.200000002980232,0.5,0,63,1,1,0,1,0,"Democrat",1.43333333333333,1.63855421686747,2,3.90000009536743,3.90000009536743,4.10000009834766,4.10000009834766,0
"669",2000,12,"Bill Clinton",0,0,0.200000002980232,0.200000002980232,0.200000002980232,0.5,63,1,1,0,1,0,"Democrat",1.66666666666667,1.43333333333333,2,3.90000009536743,3.90000009536743,4.10000009834766,4.10000009834766,0
"670",2001,1,"Bill Clinton",0,0,0.600000023841858,0.200000002980232,0.200000002980232,0.200000002980232,65.5,0,1,0,1,0,"Democrat",1.37037037037037,1.66666666666667,0,4.19999980926514,3.90000009536743,4.79999983310699,4.10000009834766,0
"671",2001,2,"George W. Bush",0,0,0.200000002980232,0.600000023841858,0.200000002980232,0.200000002980232,58.6666679382324,0,0,0,0,0,"Republican",1.61702127659574,NA,NA,4.19999980926514,4.19999980926514,4.39999981224537,NA,0
"672",2001,3,"George W. Bush",2,1,0.100000001490116,0.200000002980232,0.600000023841858,0.200000002980232,58,0,0,0,0,0,"Republican",1.69014084507042,1.61702127659574,0,4.30000019073486,4.19999980926514,4.40000019222498,4.39999981224537,0
"673",2001,4,"George W. Bush",0,0,0.200000002980232,0.100000001490116,0.200000002980232,0.600000023841858,60.5,0,0,0,0,0,"Republican",1.65384615384615,1.69014084507042,2,4.40000009536743,4.30000019073486,4.60000009834766,4.40000019222498,0
"674",2001,5,"George W. Bush",0,0,0.5,0.200000002980232,0.100000001490116,0.200000002980232,55,0,0,0,0,0,"Republican",1.80392156862745,1.65384615384615,0,4.30000019073486,4.40000009536743,4.80000019073486,4.60000009834766,0
"675",2001,6,"George W. Bush",0,0,0.200000002980232,0.5,0.200000002980232,0.100000001490116,54,0,0,0,0,0,"Republican",2.19230769230769,1.80392156862745,0,4.5,4.30000019073486,4.70000000298023,4.80000019073486,0
"676",2001,7,"George W. Bush",0,0,-0.200000002980232,0.200000002980232,0.5,0.200000002980232,56.5,0,0,0,0,0,"Republican",2,2.19230769230769,0,4.59999990463257,4.5,4.39999990165234,4.70000000298023,0
"677",2001,8,"George W. Bush",2,0,0,-0.200000002980232,0.200000002980232,0.5,56,0,0,0,0,0,"Republican",2.025,2,0,4.90000009536743,4.59999990463257,4.90000009536743,4.39999990165234,0
"678",2001,9,"George W. Bush",1,1,0.400000005960464,0,-0.200000002980232,0.200000002980232,75.6666641235352,0,0,0,0,0,"Republican",3.27450980392157,2.025,2,5,4.90000009536743,5.40000000596046,4.90000009536743,1
"679",2001,10,"George W. Bush",1,0,-0.300000011920929,0.400000005960464,0,-0.200000002980232,88,0,0,0,0,0,"Republican",4.34,3.27450980392157,1,5.30000019073486,5,5.00000017881393,5.40000000596046,1
"680",2001,11,"George W. Bush",0,0,-0.100000001490116,-0.300000011920929,0.400000005960464,0,87,0,0,0,0,0,"Republican",3.92682926829268,4.34,1,5.5,5.30000019073486,5.39999999850988,5.00000017881393,1
"681",2001,12,"George W. Bush",0,0,-0.100000001490116,-0.100000001490116,-0.300000011920929,0.400000005960464,86,0,0,0,0,0,"Republican",3.58333333333333,3.92682926829268,0,5.69999980926514,5.5,5.59999980777502,5.39999999850988,1
"682",2002,1,"George W. Bush",2,0,0.200000002980232,-0.100000001490116,-0.100000001490116,-0.300000011920929,83.6666641235352,0,0,0,0,0,"Republican",3.45833333333333,3.58333333333333,0,5.69999980926514,5.69999980926514,5.89999981224537,5.59999980777502,1
"683",2002,2,"George W. Bush",0,0,0.200000002980232,0.200000002980232,-0.100000001490116,-0.100000001490116,82,0,0,0,0,0,"Republican",3.25,3.45833333333333,2,5.69999980926514,5.69999980926514,5.89999981224537,5.89999981224537,1
"684",2002,3,"George W. Bush",0,0,0.300000011920929,0.200000002980232,0.200000002980232,-0.100000001490116,79.1999969482422,0,0,0,0,0,"Republican",4,3.25,0,5.69999980926514,5.69999980926514,5.99999982118607,5.89999981224537,1
"685",2002,4,"George W. Bush",0,0,0.400000005960464,0.300000011920929,0.200000002980232,0.200000002980232,76.25,0,0,0,0,0,"Republican",3.37735849056604,4,0,5.90000009536743,5.69999980926514,6.3000001013279,5.99999982118607,1
"686",2002,5,"George W. Bush",0,0,0.100000001490116,0.400000005960464,0.300000011920929,0.200000002980232,76.3333358764648,0,0,0,0,0,"Republican",3.45901639344262,3.37735849056604,0,5.80000019073486,5.90000009536743,5.90000019222498,6.3000001013279,1
"687",2002,6,"George W. Bush",0,0,0.100000001490116,0.100000001490116,0.400000005960464,0.300000011920929,73.4000015258789,0,0,0,0,0,"Republican",3.33962264150943,3.45901639344262,0,5.80000019073486,5.80000019073486,5.90000019222498,5.90000019222498,1
"688",2002,7,"George W. Bush",0,0,0.200000002980232,0.100000001490116,0.100000001490116,0.400000005960464,71.5999984741211,0,0,0,0,0,"Republican",3.17777777777778,3.33962264150943,0,5.80000019073486,5.80000019073486,6.0000001937151,5.90000019222498,1
"689",2002,8,"George W. Bush",0,0,0.300000011920929,0.200000002980232,0.100000001490116,0.100000001490116,66.5,0,0,0,0,0,"Republican",3.34782608695652,3.17777777777778,0,5.69999980926514,5.80000019073486,5.99999982118607,6.0000001937151,1
"690",2002,9,"George W. Bush",2,1,0.200000002980232,0.300000011920929,0.200000002980232,0.100000001490116,67.1999969482422,0,0,0,0,0,"Republican",4.42553191489362,3.34782608695652,0,5.69999980926514,5.69999980926514,5.89999981224537,5.99999982118607,1
"691",2002,10,"George W. Bush",1,0,0.200000002980232,0.200000002980232,0.300000011920929,0.200000002980232,64.75,0,0,0,0,0,"Republican",4.13725490196078,4.42553191489362,2,5.69999980926514,5.69999980926514,5.89999981224537,5.89999981224537,1
"692",2002,11,"George W. Bush",0,0,0.200000002980232,0.200000002980232,0.200000002980232,0.300000011920929,66.3333358764648,0,0,0,0,0,"Republican",4.38461538461539,4.13725490196078,1,5.90000009536743,5.69999980926514,6.10000009834766,5.89999981224537,1
"693",2002,12,"George W. Bush",2,1,0.200000002980232,0.200000002980232,0.200000002980232,0.200000002980232,62.75,0,0,0,0,0,"Republican",2.7037037037037,4.38461538461539,0,6,5.90000009536743,6.20000000298023,6.10000009834766,1
"694",2003,1,"George W. Bush",0,0,0.400000005960464,0.200000002980232,0.200000002980232,0.200000002980232,60.1666679382324,0,0,1,0,0,"Republican",2.86666666666667,2.7037037037037,2,5.80000019073486,6,6.20000019669533,6.20000000298023,1
"695",2003,2,"George W. Bush",1,1,0.5,0.400000005960464,0.200000002980232,0.200000002980232,58.75,0,0,1,0,0,"Republican",3.72727272727273,2.86666666666667,0,5.90000009536743,5.80000019073486,6.40000009536743,6.20000019669533,1
"696",2003,3,"George W. Bush",1,1,0.200000002980232,0.5,0.400000005960464,0.200000002980232,65.1999969482422,0,0,1,0,0,"Republican",4.8,3.72727272727273,1,5.90000009536743,5.90000009536743,6.10000009834766,6.40000009536743,1
"697",2003,4,"George W. Bush",0,0,-0.400000005960464,0.200000002980232,0.5,0.400000005960464,70,0,0,1,0,0,"Republican",3.81818181818182,4.8,1,6,5.90000009536743,5.59999999403954,6.10000009834766,1
"698",2003,5,"George W. Bush",1,0,-0.200000002980232,-0.400000005960464,0.200000002980232,0.5,66.3333358764648,0,0,1,0,0,"Republican",3.65384615384615,3.81818181818182,0,6.09999990463257,6,5.89999990165234,5.59999999403954,1
"699",2003,6,"George W. Bush",1,0,0.100000001490116,-0.200000002980232,-0.400000005960464,0.200000002980232,62,0,0,1,0,0,"Republican",3.40909090909091,3.65384615384615,1,6.30000019073486,6.09999990463257,6.40000019222498,5.89999990165234,1
"700",2003,7,"George W. Bush",3,2,0.300000011920929,0.100000001490116,-0.200000002980232,-0.400000005960464,59.6666679382324,0,0,1,0,0,"Republican",3.5952380952381,3.40909090909091,1,6.19999980926514,6.30000019073486,6.49999982118607,6.40000019222498,1
"701",2003,8,"George W. Bush",0,0,0.400000005960464,0.300000011920929,0.100000001490116,-0.200000002980232,59.5,0,0,1,0,0,"Republican",3.42857142857143,3.5952380952381,3,6.09999990463257,6.19999980926514,6.49999991059303,6.49999982118607,1
"702",2003,9,"George W. Bush",0,0,0.300000011920929,0.400000005960464,0.300000011920929,0.100000001490116,51,0,0,1,0,0,"Republican",3.35714285714286,3.42857142857143,0,6.09999990463257,6.09999990463257,6.3999999165535,6.49999991059303,1
"703",2003,10,"George W. Bush",0,0,-0.100000001490116,0.300000011920929,0.400000005960464,0.300000011920929,54.6666679382324,0,0,1,0,0,"Republican",4.35714285714286,3.35714285714286,0,6,6.09999990463257,5.89999999850988,6.3999999165535,1
"704",2003,11,"George W. Bush",0,0,0.100000001490116,-0.100000001490116,0.300000011920929,0.400000005960464,51.6666679382324,0,0,1,0,0,"Republican",4.01851851851852,4.35714285714286,0,5.80000019073486,6,5.90000019222498,5.89999999850988,1
"705",2003,12,"George W. Bush",0,0,0.300000011920929,0.100000001490116,-0.100000001490116,0.300000011920929,58,0,0,1,0,0,"Republican",2.90625,4.01851851851852,0,5.69999980926514,5.80000019073486,5.99999982118607,5.90000019222498,1
"706",2004,1,"George W. Bush",0,0,0.400000005960464,0.300000011920929,0.100000001490116,-0.100000001490116,55.25,1,0,1,0,0,"Republican",3.04545454545455,2.90625,0,5.69999980926514,5.69999980926514,6.0999998152256,5.99999982118607,1
"707",2004,2,"George W. Bush",1,0,0.200000002980232,0.400000005960464,0.300000011920929,0.100000001490116,51.3333320617676,1,0,1,0,0,"Republican",3.6,3.04545454545455,0,5.59999990463257,5.69999980926514,5.7999999076128,6.0999998152256,1
"708",2004,3,"George W. Bush",2,2,0.200000002980232,0.200000002980232,0.400000005960464,0.300000011920929,50.6666679382324,1,0,1,0,0,"Republican",3.19565217391304,3.6,1,5.80000019073486,5.59999990463257,6.0000001937151,5.7999999076128,1
"709",2004,4,"George W. Bush",1,1,0.200000002980232,0.200000002980232,0.200000002980232,0.400000005960464,52,1,0,1,0,0,"Republican",3.27777777777778,3.19565217391304,2,5.59999990463257,5.80000019073486,5.7999999076128,6.0000001937151,1
"710",2004,5,"George W. Bush",0,0,0.400000005960464,0.200000002980232,0.200000002980232,0.200000002980232,47.3333320617676,1,0,1,0,0,"Republican",3.66666666666667,3.27777777777778,1,5.59999990463257,5.59999990463257,5.99999991059303,5.7999999076128,1
"711",2004,6,"George W. Bush",0,0,0.400000005960464,0.400000005960464,0.200000002980232,0.200000002980232,48.5,1,0,1,0,0,"Republican",3.37037037037037,3.66666666666667,0,5.59999990463257,5.59999990463257,5.99999991059303,5.99999991059303,1
"712",2004,7,"George W. Bush",0,0,0.100000001490116,0.400000005960464,0.400000005960464,0.200000002980232,48,1,0,1,0,0,"Republican",3.60869565217391,3.37037037037037,0,5.5,5.59999990463257,5.60000000149012,5.99999991059303,1
"713",2004,8,"George W. Bush",1,1,0.100000001490116,0.100000001490116,0.400000005960464,0.400000005960464,50,1,0,1,0,0,"Republican",4,3.60869565217391,0,5.40000009536743,5.5,5.50000009685755,5.60000000149012,1
"714",2004,9,"George W. Bush",0,0,0.300000011920929,0.100000001490116,0.100000001490116,0.400000005960464,52.6666679382324,1,0,1,0,0,"Republican",4.06451612903226,4,1,5.40000009536743,5.40000009536743,5.70000010728836,5.50000009685755,1
"715",2004,10,"George W. Bush",0,0,0.5,0.300000011920929,0.100000001490116,0.100000001490116,49.1666679382324,1,0,1,0,0,"Republican",4.62650602409639,4.06451612903226,0,5.5,5.40000009536743,6,5.70000010728836,1
"716",2004,11,"George W. Bush",1,1,0.5,0.5,0.300000011920929,0.100000001490116,54,1,0,1,0,0,"Republican",3.82051282051282,4.62650602409639,0,5.40000009536743,5.5,5.90000009536743,6,1
"717",2004,12,"George W. Bush",0,0,0,0.5,0.5,0.300000011920929,51,1,0,1,0,0,"Republican",2.93333333333333,3.82051282051282,1,5.40000009536743,5.40000009536743,5.40000009536743,5.90000009536743,1
"718",2005,1,"George W. Bush",0,0,-0.100000001490116,0,0.5,0.5,51.6666679382324,0,0,1,0,0,"Republican",2.52631578947368,2.93333333333333,0,5.30000019073486,5.40000009536743,5.20000018924475,5.40000009536743,1
"719",2005,2,"George W. Bush",0,0,0.400000005960464,-0.100000001490116,0,0.5,52.25,0,1,1,0,0,"Republican",3.65909090909091,2.52631578947368,0,5.40000009536743,5.30000019073486,5.8000001013279,5.20000018924475,1
"720",2005,3,"George W. Bush",0,0,0.400000005960464,0.400000005960464,-0.100000001490116,0,49.6666679382324,0,1,1,0,0,"Republican",2.65116279069767,3.65909090909091,0,5.19999980926514,5.40000009536743,5.5999998152256,5.8000001013279,1
"721",2005,4,"George W. Bush",1,0,0.300000011920929,0.400000005960464,0.400000005960464,-0.100000001490116,48.5,0,1,1,0,0,"Republican",2.51351351351351,2.65116279069767,0,5.19999980926514,5.19999980926514,5.49999982118607,5.5999998152256,1
"722",2005,5,"George W. Bush",2,1,-0.100000001490116,0.300000011920929,0.400000005960464,0.400000005960464,48,0,1,1,0,0,"Republican",3.18867924528302,2.51351351351351,1,5.09999990463257,5.19999980926514,4.99999990314245,5.49999982118607,1
"723",2005,6,"George W. Bush",0,0,0.100000001490116,-0.100000001490116,0.300000011920929,0.400000005960464,46.25,0,1,1,0,0,"Republican",2.97777777777778,3.18867924528302,2,5,5.09999990463257,5.10000000149012,4.99999990314245,1
"724",2005,7,"George W. Bush",0,0,0.600000023841858,0.100000001490116,-0.100000001490116,0.300000011920929,47.3333320617676,0,1,1,0,0,"Republican",3.375,2.97777777777778,0,5,5,5.60000002384186,5.10000000149012,1
"725",2005,8,"George W. Bush",0,0,0.600000023841858,0.600000023841858,0.100000001490116,-0.100000001490116,43.75,0,1,1,0,0,"Republican",3.54166666666667,3.375,0,4.90000009536743,5,5.50000011920929,5.60000002384186,1
"726",2005,9,"George W. Bush",0,0,1.39999997615814,0.600000023841858,0.600000023841858,0.100000001490116,43.75,0,1,1,0,0,"Republican",2.03703703703704,3.54166666666667,0,5,4.90000009536743,6.39999997615814,5.50000011920929,1
"727",2005,10,"George W. Bush",1,0,0.200000002980232,1.39999997615814,0.600000023841858,0.600000023841858,40.6666679382324,0,1,1,0,0,"Republican",2.95555555555556,2.03703703703704,0,5,5,5.20000000298023,6.39999997615814,1
"728",2005,11,"George W. Bush",1,1,-0.5,0.200000002980232,1.39999997615814,0.600000023841858,38.3333320617676,0,1,1,0,0,"Republican",3.32608695652174,2.95555555555556,1,5,5,4.5,5.20000000298023,1
"729",2005,12,"George W. Bush",0,0,0,-0.5,0.200000002980232,1.39999997615814,42.25,0,1,1,0,0,"Republican",3.12903225806452,3.32608695652174,1,4.90000009536743,5,4.90000009536743,4.5,1
"730",2006,1,"George W. Bush",0,0,0.600000023841858,0,-0.5,0.200000002980232,43,0,1,1,0,0,"Republican",2.94285714285714,3.12903225806452,0,4.69999980926514,4.90000009536743,5.29999983310699,4.90000009536743,1
"731",2006,2,"George W. Bush",0,0,0.100000001490116,0.600000023841858,0,-0.5,39.6666679382324,0,1,1,0,0,"Republican",2.93478260869565,2.94285714285714,0,4.80000019073486,4.69999980926514,4.90000019222498,5.29999983310699,1
"732",2006,3,"George W. Bush",0,0,0.200000002980232,0.100000001490116,0.600000023841858,0,36.5,0,1,1,0,0,"Republican",3.14705882352941,2.93478260869565,0,4.69999980926514,4.80000019073486,4.89999981224537,4.90000019222498,1
"733",2006,4,"George W. Bush",0,0,0.5,0.200000002980232,0.100000001490116,0.600000023841858,35.6666679382324,0,1,1,0,0,"Republican",2.58490566037736,3.14705882352941,0,4.69999980926514,4.69999980926514,5.19999980926514,4.89999981224537,1
"734",2006,5,"George W. Bush",0,0,0.300000011920929,0.5,0.200000002980232,0.100000001490116,32,0,1,1,0,0,"Republican",2.92982456140351,2.58490566037736,0,4.59999990463257,4.69999980926514,4.8999999165535,5.19999980926514,1
"735",2006,6,"George W. Bush",0,0,0.200000002980232,0.300000011920929,0.5,0.200000002980232,37,0,1,1,0,0,"Republican",2.85454545454545,2.92982456140351,0,4.59999990463257,4.59999990463257,4.7999999076128,4.8999999165535,1
"736",2006,7,"George W. Bush",1,0,0.5,0.200000002980232,0.300000011920929,0.5,39,0,1,1,0,0,"Republican",3.40816326530612,2.85454545454545,0,4.69999980926514,4.59999990463257,5.19999980926514,4.7999999076128,1
"737",2006,8,"George W. Bush",0,0,0.400000005960464,0.5,0.200000002980232,0.300000011920929,39.5,0,1,1,0,0,"Republican",2.96774193548387,3.40816326530612,1,4.69999980926514,4.69999980926514,5.0999998152256,5.19999980926514,1
"738",2006,9,"George W. Bush",0,0,-0.5,0.400000005960464,0.5,0.200000002980232,41.5,0,1,1,0,0,"Republican",3.82051282051282,2.96774193548387,0,4.5,4.69999980926514,4,5.0999998152256,1
"739",2006,10,"George W. Bush",1,1,-0.400000005960464,-0.5,0.400000005960464,0.5,37,0,1,1,0,0,"Republican",3.54237288135593,3.82051282051282,0,4.40000009536743,4.5,4.00000008940697,4,1
"740",2006,11,"George W. Bush",0,0,0,-0.400000005960464,-0.5,0.400000005960464,37.5,0,1,1,0,0,"Republican",3.38888888888889,3.54237288135593,1,4.5,4.40000009536743,4.5,4.00000008940697,1
"741",2006,12,"George W. Bush",1,0,0.5,0,-0.400000005960464,-0.5,36.5,0,1,1,0,0,"Republican",3.03125,3.38888888888889,0,4.40000009536743,4.5,4.90000009536743,4.5,1
"742",2007,1,"George W. Bush",1,2,0.200000002980232,0.5,0,-0.400000005960464,35.6666679382324,0,1,0,0,0,"Republican",2.86666666666667,3.03125,1,4.59999990463257,4.40000009536743,4.7999999076128,4.90000009536743,1
"743",2007,2,"George W. Bush",0,0,0.400000005960464,0.200000002980232,0.5,0,34.5,0,1,0,0,0,"Republican",2.36842105263158,2.86666666666667,1,4.5,4.59999990463257,4.90000000596046,4.7999999076128,1
"744",2007,3,"George W. Bush",0,0,0.5,0.400000005960464,0.200000002980232,0.5,34,0,1,0,0,0,"Republican",2.47368421052632,2.36842105263158,0,4.40000009536743,4.5,4.90000009536743,4.90000000596046,1
"745",2007,4,"George W. Bush",0,0,0.300000011920929,0.5,0.400000005960464,0.200000002980232,37,0,1,0,0,0,"Republican",2.8,2.47368421052632,0,4.5,4.40000009536743,4.80000001192093,4.90000009536743,1
"746",2007,5,"George W. Bush",0,0,0.400000005960464,0.300000011920929,0.5,0.400000005960464,33.5,0,1,0,0,0,"Republican",3.29411764705882,2.8,0,4.40000009536743,4.5,4.8000001013279,4.80000001192093,1
"747",2007,6,"George W. Bush",0,0,0.200000002980232,0.400000005960464,0.300000011920929,0.5,32,0,1,0,0,0,"Republican",2.84313725490196,3.29411764705882,0,4.59999990463257,4.40000009536743,4.7999999076128,4.8000001013279,1
"748",2007,7,"George W. Bush",0,0,0.200000002980232,0.200000002980232,0.400000005960464,0.300000011920929,30,0,1,0,0,0,"Republican",3.1875,2.84313725490196,0,4.69999980926514,4.59999990463257,4.89999981224537,4.7999999076128,1
"749",2007,8,"George W. Bush",1,1,0,0.200000002980232,0.200000002980232,0.400000005960464,33,0,1,0,0,0,"Republican",2.8,3.1875,0,4.59999990463257,4.69999980926514,4.59999990463257,4.89999981224537,1
"750",2007,9,"George W. Bush",0,0,0.400000005960464,0,0.200000002980232,0.200000002980232,34.5,0,1,0,0,0,"Republican",3.51162790697674,2.8,1,4.69999980926514,4.59999990463257,5.0999998152256,4.59999990463257,1
"751",2007,10,"George W. Bush",0,0,0.300000011920929,0.400000005960464,0,0.200000002980232,32,0,1,0,0,0,"Republican",2.38636363636364,3.51162790697674,0,4.69999980926514,4.69999980926514,4.99999982118607,5.0999998152256,1
"752",2007,11,"George W. Bush",0,0,0.800000011920929,0.300000011920929,0.400000005960464,0,32.3333320617676,0,1,0,0,0,"Republican",3,2.38636363636364,0,4.69999980926514,4.69999980926514,5.49999982118607,4.99999982118607,1
"753",2007,12,"George W. Bush",0,0,0.300000011920929,0.800000011920929,0.300000011920929,0.400000005960464,34.5,0,1,0,0,0,"Republican",2.40625,3,0,5,4.69999980926514,5.30000001192093,5.49999982118607,1
"754",2008,1,"George W. Bush",1,1,0.300000011920929,0.300000011920929,0.800000011920929,0.300000011920929,33.3333320617676,1,1,0,0,0,"Republican",3.15686274509804,2.40625,0,5,5,5.30000001192093,5.30000001192093,1
"755",2008,2,"George W. Bush",0,0,0.200000002980232,0.300000011920929,0.300000011920929,0.800000011920929,32,1,1,0,0,0,"Republican",2.36065573770492,3.15686274509804,1,4.90000009536743,5,5.10000009834766,5.30000001192093,1
"756",2008,3,"George W. Bush",1,1,0.400000005960464,0.200000002980232,0.300000011920929,0.300000011920929,32,1,1,0,0,0,"Republican",3.02,2.36065573770492,0,5.09999990463257,4.90000009536743,5.49999991059303,5.10000009834766,1
"757",2008,4,"George W. Bush",0,0,0.200000002980232,0.400000005960464,0.200000002980232,0.300000011920929,28,1,1,0,0,0,"Republican",2.88524590163934,3.02,1,5,5.09999990463257,5.20000000298023,5.49999991059303,1
"758",2008,5,"George W. Bush",0,0,0.600000023841858,0.200000002980232,0.400000005960464,0.200000002980232,28.3333339691162,1,1,0,0,0,"Republican",3.21276595744681,2.88524590163934,0,5.40000009536743,5,6.00000011920929,5.20000000298023,1
"759",2008,6,"George W. Bush",1,0,1,0.600000023841858,0.200000002980232,0.400000005960464,29,1,1,0,0,0,"Republican",2.96153846153846,3.21276595744681,0,5.59999990463257,5.40000009536743,6.59999990463257,6.00000011920929,1
"760",2008,7,"George W. Bush",0,0,0.699999988079071,1,0.600000023841858,0.200000002980232,31.5,1,1,0,0,0,"Republican",2.86666666666667,2.96153846153846,1,5.80000019073486,5.59999990463257,6.50000017881393,6.59999990463257,1
"761",2008,8,"George W. Bush",0,0,-0.100000001490116,0.699999988079071,1,0.600000023841858,31,1,1,0,0,0,"Republican",3.25,2.86666666666667,0,6.09999990463257,5.80000019073486,5.99999990314245,6.50000017881393,1
"762",2008,9,"George W. Bush",0,0,0.100000001490116,-0.100000001490116,0.699999988079071,1,30.3333339691162,1,1,0,0,0,"Republican",2.26785714285714,3.25,0,6.09999990463257,6.09999990463257,6.19999990612268,5.99999990314245,1
"763",2008,10,"George W. Bush",1,1,-0.899999976158142,0.100000001490116,-0.100000001490116,0.699999988079071,26.5,1,1,0,0,0,"Republican",2.04878048780488,2.26785714285714,0,6.5,6.09999990463257,5.60000002384186,6.19999990612268,1
"764",2008,11,"George W. Bush",1,1,-1.79999995231628,-0.899999976158142,0.100000001490116,-0.100000001490116,28.5,1,1,0,0,0,"Republican",2.1,2.04878048780488,1,6.80000019073486,6.5,5.00000023841858,5.60000002384186,1
"765",2008,12,"George W. Bush",0,0,-0.800000011920929,-1.79999995231628,-0.899999976158142,0.100000001490116,30.5,1,1,0,0,0,"Republican",3.02702702702703,2.1,1,7.30000019073486,6.80000019073486,6.50000017881393,5.00000023841858,1
"766",2009,1,"George W. Bush",1,0,0.300000011920929,-0.800000011920929,-1.79999995231628,-0.899999976158142,34,0,1,1,0,0,"Republican",2.75,3.02702702702703,0,7.80000019073486,7.30000019073486,8.10000020265579,6.50000017881393,1
"767",2009,2,"Barack Obama",1,1,0.400000005960464,0.300000011920929,-0.800000011920929,-1.79999995231628,63.75,0,0,1,1,0,"Democrat",1.52173913043478,NA,NA,8.30000019073486,7.80000019073486,8.70000019669533,NA,1
"768",2009,3,"Barack Obama",1,1,-0.100000001490116,0.400000005960464,0.300000011920929,-0.800000011920929,62,0,0,1,1,0,"Democrat",1.7258064516129,1.52173913043478,1,8.69999980926514,8.30000019073486,8.59999980777502,8.70000019669533,1
"769",2009,4,"Barack Obama",0,0,0.100000001490116,-0.100000001490116,0.400000005960464,0.300000011920929,63.25,0,0,1,1,0,"Democrat",2.81818181818182,1.7258064516129,1,9,8.69999980926514,9.10000000149012,8.59999980777502,1
"770",2009,5,"Barack Obama",0,0,0.100000001490116,0.100000001490116,-0.100000001490116,0.400000005960464,64.25,0,0,1,1,0,"Democrat",2.07692307692308,2.81818181818182,0,9.39999961853027,9,9.49999962002039,9.10000000149012,1
"771",2009,6,"Barack Obama",0,0,0.800000011920929,0.100000001490116,0.100000001490116,-0.100000001490116,60.4000015258789,0,0,1,1,0,"Democrat",2.12727272727273,2.07692307692308,0,9.5,9.39999961853027,10.3000000119209,9.49999962002039,1
"772",2009,7,"Barack Obama",0,0,0,0.800000011920929,0.100000001490116,0.100000001490116,56.75,0,0,1,1,0,"Democrat",1.94545454545455,2.12727272727273,0,9.5,9.5,9.5,10.3000000119209,1
"773",2009,8,"Barack Obama",0,0,0.300000011920929,0,0.800000011920929,0.100000001490116,53,0,0,1,1,0,"Democrat",1.90322580645161,1.94545454545455,0,9.60000038146973,9.5,9.90000039339066,9.5,1
"774",2009,9,"Barack Obama",0,0,0.200000002980232,0.300000011920929,0,0.800000011920929,51.75,0,0,1,1,0,"Democrat",2.14,1.90322580645161,0,9.80000019073486,9.60000038146973,10.0000001937151,9.90000039339066,1
"775",2009,10,"Barack Obama",0,0,0.300000011920929,0.200000002980232,0.300000011920929,0,53,0,0,1,1,0,"Democrat",1.85964912280702,2.14,0,10,9.80000019073486,10.3000000119209,10.0000001937151,1
"776",2009,11,"Barack Obama",0,0,0.300000011920929,0.300000011920929,0.200000002980232,0.300000011920929,50.7999992370605,0,0,1,1,0,"Democrat",2.90196078431373,1.85964912280702,0,9.89999961853027,10,10.1999996304512,10.3000000119209,1
"777",2009,12,"Barack Obama",1,0,0.100000001490116,0.300000011920929,0.300000011920929,0.200000002980232,50.25,0,0,1,1,0,"Democrat",1.89189189189189,2.90196078431373,0,9.89999961853027,9.89999961853027,9.99999962002039,10.1999996304512,1
"778",2010,1,"Barack Obama",1,1,0.100000001490116,0.100000001490116,0.300000011920929,0.300000011920929,49.5,0,0,1,1,0,"Democrat",1.71428571428571,1.89189189189189,1,9.80000019073486,9.89999961853027,9.90000019222498,9.99999962002039,1
"779",2010,2,"Barack Obama",0,0,-0.100000001490116,0.100000001490116,0.100000001490116,0.300000011920929,50,0,0,1,1,0,"Democrat",1.29268292682927,1.71428571428571,1,9.80000019073486,9.80000019073486,9.70000018924475,9.90000019222498,1
"780",2010,3,"Barack Obama",0,0,0,-0.100000001490116,0.100000001490116,0.100000001490116,48.5999984741211,0,0,1,1,0,"Democrat",2,1.29268292682927,0,9.89999961853027,9.80000019073486,9.89999961853027,9.70000018924475,1
"781",2010,4,"Barack Obama",0,0,0,0,-0.100000001490116,0.100000001490116,48.25,0,0,1,1,0,"Democrat",1.71111111111111,2,0,9.89999961853027,9.89999961853027,9.89999961853027,9.89999961853027,1
"782",2010,5,"Barack Obama",0,0,-0.100000001490116,0,0,-0.100000001490116,48,0,0,1,1,0,"Democrat",1.84444444444444,1.71111111111111,0,9.60000038146973,9.89999961853027,9.50000037997961,9.89999961853027,1
"783",2010,6,"Barack Obama",0,0,0,-0.100000001490116,0,0,46,0,0,1,1,0,"Democrat",2.16666666666667,1.84444444444444,0,9.39999961853027,9.60000038146973,9.39999961853027,9.50000037997961,1
"784",2010,7,"Barack Obama",0,0,0.200000002980232,0,-0.100000001490116,0,45.5,0,0,1,1,0,"Democrat",1.78260869565217,2.16666666666667,0,9.39999961853027,9.39999961853027,9.59999962151051,9.39999961853027,1
"785",2010,8,"Barack Obama",0,0,0.100000001490116,0.200000002980232,0,-0.100000001490116,44,0,0,1,1,0,"Democrat",1.47619047619048,1.78260869565217,0,9.5,9.39999961853027,9.60000000149012,9.59999962151051,1
"786",2010,9,"Barack Obama",1,1,0.200000002980232,0.100000001490116,0.200000002980232,0,45.5,0,0,1,1,0,"Democrat",1.90566037735849,1.47619047619048,0,9.5,9.5,9.70000000298023,9.60000000149012,1
"787",2010,10,"Barack Obama",0,0,0.300000011920929,0.200000002980232,0.100000001490116,0.200000002980232,45,0,0,1,1,0,"Democrat",1.3448275862069,1.90566037735849,1,9.39999961853027,9.5,9.6999996304512,9.70000000298023,1
"788",2010,11,"Barack Obama",0,0,0.300000011920929,0.300000011920929,0.200000002980232,0.100000001490116,45.2000007629395,0,0,1,1,0,"Democrat",2.80851063829787,1.3448275862069,0,9.80000019073486,9.39999961853027,10.1000002026558,9.6999996304512,1
"789",2010,12,"Barack Obama",0,0,0.400000005960464,0.300000011920929,0.300000011920929,0.200000002980232,46.5,0,0,1,1,0,"Democrat",2.13333333333333,2.80851063829787,0,9.30000019073486,9.80000019073486,9.70000019669533,10.1000002026558,1
"790",2011,1,"Barack Obama",0,0,0.300000011920929,0.400000005960464,0.300000011920929,0.300000011920929,48.7999992370605,0,0,0,1,0,"Democrat",2.12,2.13333333333333,0,9.10000038146973,9.30000019073486,9.40000039339066,9.70000019669533,1
"791",2011,2,"Barack Obama",0,0,0.300000011920929,0.300000011920929,0.400000005960464,0.300000011920929,47.5,0,0,0,1,0,"Democrat",1.41379310344828,2.12,0,9,9.10000038146973,9.30000001192093,9.40000039339066,1
"792",2011,3,"Barack Obama",1,1,0.5,0.300000011920929,0.300000011920929,0.400000005960464,47,0,0,0,1,0,"Democrat",2.42307692307692,1.41379310344828,0,9,9,9.5,9.30000001192093,1
"793",2011,4,"Barack Obama",0,0,0.5,0.5,0.300000011920929,0.300000011920929,43.75,0,0,0,1,0,"Democrat",1.47619047619048,2.42307692307692,1,9.10000038146973,9,9.60000038146973,9.5,1
"794",2011,5,"Barack Obama",0,0,0.300000011920929,0.5,0.5,0.300000011920929,49.7999992370605,0,0,0,1,0,"Democrat",2.76363636363636,1.47619047619048,0,9,9.10000038146973,9.30000001192093,9.60000038146973,1
"795",2011,6,"Barack Obama",0,1,0,0.300000011920929,0.5,0.5,45.5,0,0,0,1,0,"Democrat",1.85714285714286,2.76363636363636,0,9.10000038146973,9,9.10000038146973,9.30000001192093,1
"796",2011,7,"Barack Obama",0,0,0.300000011920929,0,0.300000011920929,0.5,43.75,0,0,0,1,0,"Democrat",1.55555555555556,1.85714285714286,0,9,9.10000038146973,9.30000001192093,9.10000038146973,1
"797",2011,8,"Barack Obama",0,0,0.300000011920929,0.300000011920929,0,0.300000011920929,40.7999992370605,0,0,0,1,0,"Democrat",1.57142857142857,1.55555555555556,0,9,9,9.30000001192093,9.30000001192093,1
"798",2011,9,"Barack Obama",0,0,0.200000002980232,0.300000011920929,0.300000011920929,0,41.25,0,0,0,1,0,"Democrat",1.94230769230769,1.57142857142857,0,9,9,9.20000000298023,9.30000001192093,1
"799",2011,10,"Barack Obama",1,0,0.100000001490116,0.200000002980232,0.300000011920929,0.300000011920929,41.5999984741211,0,0,0,1,0,"Democrat",1.81132075471698,1.94230769230769,0,8.80000019073486,9,8.90000019222498,9.20000000298023,1
"800",2011,11,"Barack Obama",0,0,0.200000002980232,0.100000001490116,0.200000002980232,0.300000011920929,42.75,0,0,0,1,0,"Democrat",2.49056603773585,1.81132075471698,1,8.60000038146973,8.80000019073486,8.80000038444996,8.90000019222498,1
"801",2011,12,"Barack Obama",0,1,0,0.200000002980232,0.100000001490116,0.200000002980232,43,0,0,0,1,0,"Democrat",1.66666666666667,2.49056603773585,0,8.5,8.60000038146973,8.5,8.80000038444996,1
"802",2012,1,"Barack Obama",1,0,0.300000011920929,0,0.200000002980232,0.100000001490116,45.4000015258789,1,0,0,1,0,"Democrat",1.82222222222222,1.66666666666667,0,8.30000019073486,8.5,8.60000020265579,8.5,1
"803",2012,2,"Barack Obama",0,0,0.200000002980232,0.300000011920929,0,0.200000002980232,45.5,1,0,0,1,0,"Democrat",1.6,1.82222222222222,1,8.30000019073486,8.30000019073486,8.5000001937151,8.60000020265579,1
"804",2012,3,"Barack Obama",0,0,0.200000002980232,0.200000002980232,0.300000011920929,0,46.5,1,0,0,1,0,"Democrat",2.56363636363636,1.6,0,8.19999980926514,8.30000019073486,8.39999981224537,8.5000001937151,1
"805",2012,4,"Barack Obama",0,0,0.200000002980232,0.200000002980232,0.200000002980232,0.300000011920929,47.5999984741211,1,0,0,1,0,"Democrat",1.55555555555556,2.56363636363636,0,8.19999980926514,8.19999980926514,8.39999981224537,8.39999981224537,1
"806",2012,5,"Barack Obama",0,0,-0.200000002980232,0.200000002980232,0.200000002980232,0.200000002980232,47,1,0,0,1,0,"Democrat",2.32692307692308,1.55555555555556,0,8.19999980926514,8.19999980926514,7.9999998062849,8.39999981224537,1
"807",2012,6,"Barack Obama",0,0,-0.100000001490116,-0.200000002980232,0.200000002980232,0.200000002980232,46.5,1,0,0,1,0,"Democrat",1.55769230769231,2.32692307692308,0,8.19999980926514,8.19999980926514,8.09999980777502,7.9999998062849,1
"808",2012,7,"Barack Obama",0,0,0,-0.100000001490116,-0.200000002980232,0.200000002980232,45.5999984741211,1,0,0,1,0,"Democrat",1.84444444444444,1.55769230769231,0,8.19999980926514,8.19999980926514,8.19999980926514,8.09999980777502,1
"809",2012,8,"Barack Obama",0,0,0.600000023841858,0,-0.100000001490116,-0.200000002980232,45,1,0,0,1,0,"Democrat",1.54166666666667,1.84444444444444,0,8.10000038146973,8.19999980926514,8.70000040531158,8.19999980926514,1
"810",2012,9,"Barack Obama",0,0,0.5,0.600000023841858,0,-0.100000001490116,49.25,1,0,0,1,0,"Democrat",2.39583333333333,1.54166666666667,0,7.80000019073486,8.10000038146973,8.30000019073486,8.70000040531158,1
"811",2012,10,"Barack Obama",0,0,0.300000011920929,0.5,0.600000023841858,0,50.7999992370605,1,0,0,1,0,"Democrat",1.95121951219512,2.39583333333333,0,7.80000019073486,7.80000019073486,8.10000020265579,8.30000019073486,1
"812",2012,11,"Barack Obama",0,1,-0.200000002980232,0.300000011920929,0.5,0.600000023841858,51.75,1,0,0,1,0,"Democrat",2.02439024390244,1.95121951219512,0,7.69999980926514,7.80000019073486,7.4999998062849,8.10000020265579,1
"813",2012,12,"Barack Obama",1,0,0,-0.200000002980232,0.300000011920929,0.5,53,1,0,0,1,0,"Democrat",1.76923076923077,2.02439024390244,0,7.90000009536743,7.69999980926514,7.90000009536743,7.4999998062849,1
"814",2013,1,"Barack Obama",0,0,0.200000002980232,0,-0.200000002980232,0.300000011920929,52.25,0,0,0,1,0,"Democrat",2.24,1.76923076923077,1,8,7.90000009536743,8.20000000298023,7.90000009536743,1
"815",2013,2,"Barack Obama",1,0,0.5,0.200000002980232,0,-0.200000002980232,50.75,0,1,0,1,0,"Democrat",1.46153846153846,2.24,0,7.69999980926514,8,8.19999980926514,8.20000000298023,1
"816",2013,3,"Barack Obama",0,0,-0.300000011920929,0.5,0.200000002980232,0,48,0,1,0,1,0,"Democrat",2.17647058823529,1.46153846153846,1,7.5,7.69999980926514,7.19999998807907,8.19999980926514,1
"817",2013,4,"Barack Obama",1,0,-0.200000002980232,-0.300000011920929,0.5,0.200000002980232,49.5999984741211,0,1,0,1,0,"Democrat",1.65853658536585,2.17647058823529,0,7.59999990463257,7.5,7.39999990165234,7.19999998807907,1
"818",2013,5,"Barack Obama",0,0,0,-0.200000002980232,-0.300000011920929,0.5,48.75,0,1,0,1,0,"Democrat",2.02439024390244,1.65853658536585,1,7.5,7.59999990463257,7.5,7.39999990165234,1
"819",2013,6,"Barack Obama",0,0,0.200000002980232,0,-0.200000002980232,-0.300000011920929,47,0,1,0,1,0,"Democrat",2.1,2.02439024390244,0,7.5,7.5,7.70000000298023,7.5,1
"820",2013,7,"Barack Obama",0,0,0.200000002980232,0.200000002980232,0,-0.200000002980232,46,0,1,0,1,0,"Democrat",1.33333333333333,2.1,0,7.30000019073486,7.5,7.5000001937151,7.70000000298023,1
"821",2013,8,"Barack Obama",0,0,0.200000002980232,0.200000002980232,0.200000002980232,0,45,0,1,0,1,0,"Democrat",2.16,1.33333333333333,0,7.19999980926514,7.30000019073486,7.39999981224537,7.5000001937151,1
"822",2013,9,"Barack Obama",0,0,0,0.200000002980232,0.200000002980232,0.200000002980232,44.4000015258789,0,1,0,1,0,"Democrat",3.38636363636364,2.16,0,7.19999980926514,7.19999980926514,7.19999980926514,7.39999981224537,1
"823",2013,10,"Barack Obama",0,0,0.100000001490116,0,0.200000002980232,0.200000002980232,42.25,0,1,0,1,0,"Democrat",1.66666666666667,3.38636363636364,0,7.19999980926514,7.19999980926514,7.29999981075525,7.19999980926514,1
"824",2013,11,"Barack Obama",0,1,0.200000002980232,0.100000001490116,0,0.200000002980232,41,0,1,0,1,0,"Democrat",1.60526315789474,1.66666666666667,0,6.90000009536743,7.19999980926514,7.10000009834766,7.29999981075525,1
"825",2013,12,"Barack Obama",1,1,0.300000011920929,0.200000002980232,0.100000001490116,0,41.5,0,1,0,1,0,"Democrat",1.42857142857143,1.60526315789474,0,6.69999980926514,6.90000009536743,6.99999982118607,7.10000009834766,1
"826",2014,1,"Barack Obama",0,0,0.200000002980232,0.300000011920929,0.200000002980232,0.100000001490116,41.2000007629395,0,1,0,1,0,"Democrat",1.48,1.42857142857143,1,6.59999990463257,6.69999980926514,6.7999999076128,6.99999982118607,1
"827",2014,2,"Barack Obama",0,0,0.100000001490116,0.200000002980232,0.300000011920929,0.200000002980232,42,0,1,0,1,0,"Democrat",2.28947368421053,1.48,0,6.69999980926514,6.59999990463257,6.79999981075525,6.7999999076128,1
"828",2014,3,"Barack Obama",1,0,0.200000002980232,0.100000001490116,0.200000002980232,0.300000011920929,42.7999992370605,0,1,0,1,0,"Democrat",2.81818181818182,2.28947368421053,0,6.69999980926514,6.69999980926514,6.89999981224537,6.79999981075525,1
"829",2014,4,"Barack Obama",0,2,0.200000002980232,0.200000002980232,0.100000001490116,0.200000002980232,43.75,0,1,0,1,0,"Democrat",1.95744680851064,2.81818181818182,1,6.19999980926514,6.69999980926514,6.39999981224537,6.89999981224537,1
"830",2014,5,"Barack Obama",0,0,0.200000002980232,0.200000002980232,0.200000002980232,0.100000001490116,44,0,1,0,1,0,"Democrat",1.91666666666667,1.95744680851064,0,6.30000019073486,6.19999980926514,6.5000001937151,6.39999981224537,1
"831",2014,6,"Barack Obama",0,0,0.100000001490116,0.200000002980232,0.200000002980232,0.200000002980232,42.4000015258789,0,1,0,1,0,"Democrat",2.125,1.91666666666667,0,6.09999990463257,6.30000019073486,6.19999990612268,6.5000001937151,1
"832",2014,7,"Barack Obama",0,0,0.100000001490116,0.100000001490116,0.200000002980232,0.200000002980232,42,0,1,0,1,0,"Democrat",1.66666666666667,2.125,0,6.19999980926514,6.09999990463257,6.29999981075525,6.19999990612268,1
"833",2014,8,"Barack Obama",0,1,0,0.100000001490116,0.100000001490116,0.200000002980232,41.75,0,1,0,1,0,"Democrat",3,1.66666666666667,0,6.09999990463257,6.19999980926514,6.09999990463257,6.29999981075525,1
"834",2014,9,"Barack Obama",2,0,0,0,0.100000001490116,0.100000001490116,41.7999992370605,0,1,0,1,0,"Democrat",3.73170731707317,3,0,5.90000009536743,6.09999990463257,5.90000009536743,6.09999990463257,1
"835",2014,10,"Barack Obama",1,0,0,0,0,0.100000001490116,41.5,0,1,0,1,0,"Democrat",2.05714285714286,3.73170731707317,2,5.69999980926514,5.90000009536743,5.69999980926514,5.90000009536743,1
"836",2014,11,"Barack Obama",0,1,-0.200000002980232,0,0,0,41.75,0,1,0,1,0,"Democrat",1.97674418604651,2.05714285714286,1,5.80000019073486,5.69999980926514,5.60000018775463,5.69999980926514,1
"837",2014,12,"Barack Obama",0,0,-0.300000011920929,-0.200000002980232,0,0,44.2000007629395,0,1,0,1,0,"Democrat",2.27586206896552,1.97674418604651,0,5.59999990463257,5.80000019073486,5.29999989271164,5.60000018775463,1
"838",2015,1,"Barack Obama",1,NA,-0.600000023841858,-0.300000011920929,-0.200000002980232,0,47,0,1,0,1,0,"Democrat",2,2.27586206896552,0,5.69999980926514,5.59999990463257,5.09999978542328,5.29999989271164,1
"839",2015,2,"Barack Obama",0,NA,0.300000011920929,-0.600000023841858,-0.300000011920929,-0.200000002980232,46,0,1,0,1,0,"Democrat",2,2,1,5.5,5.69999980926514,5.80000001192093,5.09999978542328,1
"840",2015,3,"Barack Obama",0,NA,0.300000011920929,0.300000011920929,-0.600000023841858,-0.300000011920929,46.2000007629395,0,1,0,1,0,"Democrat",1.75,2,0,5.40000009536743,5.5,5.70000010728836,5.80000001192093,1
"841",2015,4,"Barack Obama",0,NA,0.100000001490116,0.300000011920929,0.300000011920929,-0.600000023841858,46.75,0,1,0,1,0,"Democrat",2.16326530612245,1.75,0,5.40000009536743,5.40000009536743,5.50000009685755,5.70000010728836,1
"842",2015,5,"Barack Obama",0,NA,0.300000011920929,0.100000001490116,0.300000011920929,0.300000011920929,46.75,0,1,0,1,0,"Democrat",2.61764705882353,2.16326530612245,0,5.59999990463257,5.40000009536743,5.8999999165535,5.50000009685755,1
"843",2015,6,"Barack Obama",0,NA,0.300000011920929,0.300000011920929,0.100000001490116,0.300000011920929,45.7999992370605,0,1,0,1,0,"Democrat",1.96969696969697,2.61764705882353,0,5.30000019073486,5.59999990463257,5.60000020265579,5.8999999165535,1
"844",2015,7,"Barack Obama",0,NA,0.200000002980232,0.300000011920929,0.300000011920929,0.100000001490116,46,0,1,0,1,0,"Democrat",2.30952380952381,1.96969696969697,0,5.19999980926514,5.30000019073486,5.39999981224537,5.60000020265579,1
"845",2015,8,"Barack Obama",0,NA,0,0.200000002980232,0.300000011920929,0.300000011920929,45.5999984741211,0,1,0,1,0,"Democrat",2.59259259259259,2.30952380952381,0,5.09999990463257,5.19999980926514,5.09999990463257,5.39999981224537,1
"846",2015,9,"Barack Obama",0,NA,-0.200000002980232,0,0.200000002980232,0.300000011920929,46.75,0,1,0,1,0,"Democrat",2.48717948717949,2.59259259259259,0,5,5.09999990463257,4.79999999701977,5.09999990463257,1
"847",2015,10,"Barack Obama",1,NA,0.100000001490116,-0.200000002980232,0,0.200000002980232,46.25,0,1,0,1,0,"Democrat",1.81081081081081,2.48717948717949,0,5,5,5.10000000149012,4.79999999701977,1
"848",2015,11,"Barack Obama",0,NA,0.100000001490116,0.100000001490116,-0.200000002980232,0,47,0,1,0,1,0,"Democrat",2.78571428571429,1.81081081081081,1,5.09999990463257,5,5.19999990612268,5.10000000149012,1
"849",2015,12,"Barack Obama",0,NA,-0.100000001490116,0.100000001490116,0.100000001490116,-0.200000002980232,45.75,0,1,0,1,0,"Democrat",2.83333333333333,2.78571428571429,0,5,5.09999990463257,4.89999999850988,5.19999990612268,1
"850",2016,1,"Barack Obama",0,NA,0,-0.100000001490116,0.100000001490116,0.100000001490116,47.75,1,1,0,1,0,"Democrat",1.55,2.83333333333333,0,4.80000019073486,5,4.80000019073486,4.89999999850988,1
"851",2016,2,"Barack Obama",0,NA,-0.100000001490116,0,-0.100000001490116,0.100000001490116,48.2000007629395,1,1,0,1,0,"Democrat",2.32432432432432,1.55,0,4.90000009536743,4.80000019073486,4.80000009387732,4.80000019073486,1
"852",2016,3,"Barack Obama",0,NA,0.300000011920929,-0.100000001490116,0,-0.100000001490116,51.25,1,1,0,1,0,"Democrat",2.24390243902439,2.32432432432432,0,5,4.90000009536743,5.30000001192093,4.80000009387732,1
"853",2016,4,"Barack Obama",0,NA,0.400000005960464,0.300000011920929,-0.100000001490116,0,50.25,1,1,0,1,0,"Democrat",2.94117647058824,2.24390243902439,0,5.09999990463257,5,5.49999991059303,5.30000001192093,1
"854",2016,5,"Barack Obama",0,NA,0.200000002980232,0.400000005960464,0.300000011920929,-0.100000001490116,51.4000015258789,1,1,0,1,0,"Democrat",2.02857142857143,2.94117647058824,0,4.80000019073486,5.09999990463257,5.0000001937151,5.49999991059303,1
"855",2016,6,"Barack Obama",1,NA,0.300000011920929,0.200000002980232,0.400000005960464,0.300000011920929,51.75,1,1,0,1,0,"Democrat",1.84848484848485,2.02857142857143,0,4.90000009536743,4.80000019073486,5.20000010728836,5.0000001937151,1
"856",2016,7,"Barack Obama",0,NA,-0.100000001490116,0.300000011920929,0.200000002980232,0.400000005960464,50.5,1,1,0,1,0,"Democrat",2.62962962962963,1.84848484848485,1,4.80000019073486,4.90000009536743,4.70000018924475,5.20000010728836,1
"857",2016,8,"Barack Obama",0,NA,0.200000002980232,-0.100000001490116,0.300000011920929,0.200000002980232,51.5999984741211,1,1,0,1,0,"Democrat",2.13333333333333,2.62962962962963,0,4.90000009536743,4.80000019073486,5.10000009834766,4.70000018924475,1
"858",2016,9,"Barack Obama",0,NA,0.300000011920929,0.200000002980232,-0.100000001490116,0.300000011920929,52.25,1,1,0,1,0,"Democrat",2.73469387755102,2.13333333333333,0,5,4.90000009536743,5.30000001192093,5.10000009834766,1
"859",2016,10,"Barack Obama",2,NA,0.200000002980232,0.300000011920929,0.200000002980232,-0.100000001490116,53.5999984741211,1,1,0,1,0,"Democrat",1.41176470588235,2.73469387755102,0,4.90000009536743,5,5.10000009834766,5.30000001192093,1
"860",2016,11,"Barack Obama",0,NA,0.100000001490116,0.200000002980232,0.300000011920929,0.200000002980232,55.75,1,1,0,1,0,"Democrat",1.94871794871795,1.41176470588235,2,4.69999980926514,4.90000009536743,4.79999981075525,5.10000009834766,1
"861",2016,12,"Barack Obama",0,NA,0.300000011920929,0.100000001490116,0.200000002980232,0.300000011920929,56,1,1,0,1,0,"Democrat",2.15789473684211,1.94871794871795,0,4.69999980926514,4.69999980926514,4.99999982118607,4.79999981075525,1
"862",2017,1,"Barack Obama",1,NA,0.400000005960464,0.300000011920929,0.100000001490116,0.200000002980232,57,0,1,1,1,0,"Democrat",2.05882352941176,2.15789473684211,0,4.69999980926514,4.69999980926514,5.0999998152256,4.99999982118607,1
"863",2017,2,"Donald Trump",0,NA,0.200000002980232,0.400000005960464,0.300000011920929,0.100000001490116,41.5,0,0,1,0,0,"Republican",2.36,NA,NA,4.59999990463257,4.69999980926514,4.7999999076128,NA,1
"864",2017,3,"Donald Trump",1,NA,0,0.200000002980232,0.400000005960464,0.300000011920929,39.75,0,0,1,0,0,"Republican",1.67441860465116,2.36,0,4.40000009536743,4.59999990463257,4.40000009536743,4.7999999076128,1
"865",2017,4,"Donald Trump",1,NA,0.100000001490116,0,0.200000002980232,0.400000005960464,40.5,0,0,1,0,0,"Republican",2.36842105263158,1.67441860465116,1,4.40000009536743,4.40000009536743,4.50000009685755,4.40000009536743,1
"866",2017,5,"Donald Trump",0,NA,-0.100000001490116,0.100000001490116,0,0.200000002980232,39.4000015258789,0,0,1,0,0,"Republican",3.12820512820513,2.36842105263158,1,4.40000009536743,4.40000009536743,4.30000009387732,4.50000009685755,1
"867",2017,6,"Donald Trump",1,NA,0.100000001490116,-0.100000001490116,0.100000001490116,0,38.25,0,0,1,0,0,"Republican",1.86666666666667,3.12820512820513,0,4.30000019073486,4.40000009536743,4.40000019222498,4.30000009387732,1
"868",2017,7,"Donald Trump",1,NA,0,0.100000001490116,-0.100000001490116,0.100000001490116,37.7999992370605,0,0,1,0,0,"Republican",2.31578947368421,1.86666666666667,1,4.30000019073486,4.30000019073486,4.30000019073486,4.40000019222498,1
"869",2017,8,"Donald Trump",0,NA,0.400000005960464,0,0.100000001490116,-0.100000001490116,36,0,0,1,0,0,"Republican",2.5,2.31578947368421,1,4.40000009536743,4.30000019073486,4.8000001013279,4.30000019073486,1
"870",2017,9,"Donald Trump",1,NA,0.5,0.400000005960464,0,0.100000001490116,37.5,0,0,1,0,0,"Republican",2.63636363636364,2.5,0,4.30000019073486,4.40000009536743,4.80000019073486,4.8000001013279,1
"871",2017,10,"Donald Trump",0,NA,0.100000001490116,0.5,0.400000005960464,0,36.7999992370605,0,0,1,0,0,"Republican",2,2.63636363636364,1,4.19999980926514,4.30000019073486,4.29999981075525,4.80000019073486,1
"872",2017,11,"Donald Trump",0,NA,0.300000011920929,0.100000001490116,0.5,0.400000005960464,37,0,0,1,0,0,"Republican",3.51063829787234,2,0,4.19999980926514,4.19999980926514,4.49999982118607,4.29999981075525,1
"873",2017,12,"Donald Trump",0,NA,0.200000002980232,0.300000011920929,0.100000001490116,0.5,36.75,0,0,1,0,0,"Republican",2.2,3.51063829787234,0,4.09999990463257,4.19999980926514,4.2999999076128,4.49999982118607,1
"874",2018,1,"Donald Trump",0,NA,0.400000005960464,0.200000002980232,0.300000011920929,0.100000001490116,37.7999992370605,0,0,1,0,0,"Republican",2.18421052631579,2.2,0,4,4.09999990463257,4.40000000596046,4.2999999076128,1
"875",2018,2,"Donald Trump",0,NA,0.300000011920929,0.400000005960464,0.200000002980232,0.300000011920929,38.75,0,0,1,0,0,"Republican",2.20689655172414,2.18421052631579,0,4.09999990463257,4,4.3999999165535,4.40000000596046,1
"876",2018,3,"Donald Trump",0,NA,0,0.300000011920929,0.400000005960464,0.200000002980232,39.25,0,0,1,0,0,"Republican",2.48387096774194,2.20689655172414,0,4,4.09999990463257,4,4.3999999165535,1
"877",2018,4,"Donald Trump",0,NA,0.300000011920929,0,0.300000011920929,0.400000005960464,40.5999984741211,0,0,1,0,0,"Republican",3.28571428571429,2.48387096774194,0,4,4,4.30000001192093,4,1
"878",2018,5,"Donald Trump",0,NA,0.200000002980232,0.300000011920929,0,0.300000011920929,41.5,0,0,1,0,0,"Republican",3.025,3.28571428571429,0,3.79999995231628,4,3.99999995529652,4.30000001192093,1
"879",2018,6,"Donald Trump",1,NA,0.100000001490116,0.200000002980232,0.300000011920929,0,42.5,0,0,1,0,0,"Republican",2.52272727272727,3.025,0,4,3.79999995231628,4.10000000149012,3.99999995529652,1
"880",2018,7,"Donald Trump",0,NA,0.100000001490116,0.100000001490116,0.200000002980232,0.300000011920929,41.4000015258789,0,0,1,0,0,"Republican",2.91176470588235,2.52272727272727,1,3.79999995231628,4,3.8999999538064,4.10000000149012,1
"881",2018,8,"Donald Trump",1,NA,0.200000002980232,0.100000001490116,0.100000001490116,0.200000002980232,40.75,0,0,1,0,0,"Republican",2.27272727272727,2.91176470588235,0,3.79999995231628,3.79999995231628,3.99999995529652,3.8999999538064,1
"882",2018,9,"Donald Trump",0,NA,0.200000002980232,0.200000002980232,0.100000001490116,0.100000001490116,40,0,0,1,0,0,"Republican",3.08108108108108,2.27272727272727,1,3.70000004768372,3.79999995231628,3.90000005066395,3.99999995529652,1
"883",2018,10,"Donald Trump",1,NA,0.200000002980232,0.200000002980232,0.200000002980232,0.100000001490116,42.2000007629395,0,0,1,0,0,"Republican",2.453125,3.08108108108108,0,3.79999995231628,3.70000004768372,3.99999995529652,3.90000005066395,1
"884",2018,11,"Donald Trump",0,NA,-0.100000001490116,0.200000002980232,0.200000002980232,0.200000002980232,39.75,0,0,1,0,0,"Republican",2.48837209302326,2.453125,1,3.79999995231628,3.79999995231628,3.69999995082617,3.99999995529652,1
"885",2018,12,"Donald Trump",1,NA,0.100000001490116,-0.100000001490116,0.200000002980232,0.200000002980232,39,0,0,1,0,0,"Republican",2.55555555555556,2.48837209302326,0,3.90000009536743,3.79999995231628,4.00000009685755,3.69999995082617,1
"886",2019,1,"Donald Trump",0,NA,-0.100000001490116,0.100000001490116,-0.100000001490116,0.200000002980232,37,0,0,0,0,0,"Republican",2.96296296296296,2.55555555555556,1,4,3.90000009536743,3.89999999850988,4.00000009685755,1
"887",2019,2,"Donald Trump",0,NA,0.300000011920929,-0.100000001490116,0.100000001490116,-0.100000001490116,43.5,0,0,0,0,0,"Republican",3.64285714285714,2.96296296296296,0,3.79999995231628,4,4.09999996423721,3.89999999850988,1
"888",2019,3,"Donald Trump",0,NA,0.400000005960464,0.300000011920929,-0.100000001490116,0.100000001490116,39,0,0,0,0,0,"Republican",2.45714285714286,3.64285714285714,0,3.79999995231628,3.79999995231628,4.19999995827675,4.09999996423721,1
"889",2019,4,"Donald Trump",0,NA,0.400000005960464,0.400000005960464,0.300000011920929,-0.100000001490116,45.5,0,0,0,0,0,"Republican",1.93333333333333,2.45714285714286,0,3.70000004768372,3.79999995231628,4.10000005364418,4.19999995827675,1
"890",2019,5,"Donald Trump",0,NA,0,0.400000005960464,0.400000005960464,0.300000011920929,41,0,0,0,0,0,"Republican",2.93939393939394,1.93333333333333,0,3.59999990463257,3.70000004768372,3.59999990463257,4.10000005364418,1
"891",2019,6,"Donald Trump",0,NA,0,0,0.400000005960464,0.400000005960464,42,0,0,0,0,0,"Republican",3.59615384615385,2.93939393939394,0,3.59999990463257,3.59999990463257,3.59999990463257,3.59999990463257,1
"892",2019,7,"Donald Trump",0,NA,0.200000002980232,0,0,0.400000005960464,43,0,0,0,0,0,"Republican",2.70588235294118,3.59615384615385,0,3.70000004768372,3.59999990463257,3.90000005066395,3.59999990463257,1
"893",2019,8,"Donald Trump",0,NA,0.100000001490116,0.200000002980232,0,0,40,0,0,0,0,0,"Republican",2.79411764705882,2.70588235294118,0,3.59999990463257,3.70000004768372,3.69999990612268,3.90000005066395,1
"894",2019,9,"Donald Trump",1,NA,0.200000002980232,0.100000001490116,0.200000002980232,0,41.5,0,0,0,0,0,"Republican",3.12727272727273,2.79411764705882,0,3.5,3.59999990463257,3.70000000298023,3.69999990612268,1
"895",2019,10,"Donald Trump",0,NA,0.300000011920929,0.200000002980232,0.100000001490116,0.200000002980232,40,0,0,0,0,0,"Republican",3.58333333333333,3.12727272727273,1,3.59999990463257,3.5,3.8999999165535,3.70000000298023,1
"896",2019,11,"Donald Trump",0,NA,0.300000011920929,0.300000011920929,0.200000002980232,0.100000001490116,43,0,0,0,0,0,"Republican",2.42857142857143,3.58333333333333,0,3.59999990463257,3.59999990463257,3.8999999165535,3.8999999165535,1
"897",2019,12,"Donald Trump",1,NA,0.300000011920929,0.300000011920929,0.300000011920929,0.200000002980232,45,0,0,0,0,0,"Republican",3.10344827586207,2.42857142857143,0,3.59999990463257,3.59999990463257,3.8999999165535,3.8999999165535,1
